<?xml version="1.0" encoding="UTF-8"?>
<window id="6668">
    <defaultcontrol always="true">9000</defaultcontrol>
	<onunload>RunScript(script.skinshortcuts,type=buildxml&amp;mainmenuID=9000&amp;group=X1|X2|X3|X4|X5|X6|X7|X8|X9|X10|X11|X12|X13|X101|X202|X303|X404|X50​5|X606)</onunload>
    <controls>
		<include>CommonBackground</include>
		<include>Topbar</include>
		<control type="group">
			<posx>0</posx>
			<posy>128</posy>
			<include>Window_OpenClose_Animation</include>
			<include>SystemLeftPanel</include>
			<control type="panel" id="9000">
				<posx>82</posx>
				<posy>32</posy>
				<width>356</width>
				<height>840</height>
				<onleft>9010</onleft>
				<onright>9010</onright>
				<onup>9000</onup>
				<ondown>9000</ondown>
				<pagecontrol>-</pagecontrol>
				<scrolltime tween="quadratic" easing="out">200</scrolltime>
				<visible>!Window.IsActive(1121)</visible>
				<include>SettingsFadeEffect</include>
				<itemlayout height="90" width="356">
					<control type="image">
						<posy>30</posy>
						<width>356</width>
						<height>60</height>
						<texture border="1">separator2.png</texture>
					</control>
					<control type="label">
						<posx>356</posx>
						<posy>0</posy>
						<width>356</width>
						<height>90</height>
						<font>font15</font>
						<textoffsetx>20</textoffsetx>
						<textcolor>grey2</textcolor>
						<selectedcolor>selected</selectedcolor>
						<align>right</align>
						<aligny>center</aligny>
						<label>$INFO[ListItem.Label]</label>
					</control>
				</itemlayout>
				<focusedlayout height="90" width="356">
					<control type="image">
						<posy>30</posy>
						<width>356</width>
						<height>60</height>
						<texture border="1">separator2.png</texture>
					</control>
					<control type="image">
						<posx>0</posx>
						<posy>0</posy>
						<width>356</width>
						<height>90</height>
						<texture border="4">listselect_fo.png</texture>
						<visible>Control.HasFocus(9000)</visible>
						<include>VisibleFadeEffect</include>
					</control>
					<control type="label">
						<posx>356</posx>
						<posy>0</posy>
						<width>356</width>
						<height>90</height>
						<font>font15</font>
						<textoffsetx>20</textoffsetx>
						<textcolor>white</textcolor>
						<selectedcolor>selected</selectedcolor>
						<align>right</align>
						<aligny>center</aligny>
						<label>$INFO[ListItem.Label]</label>
						<animation effect="fade" start="100" end="70" time="300" tween="sine" easing="inout" condition="!Control.HasFocus(9000)">Conditional</animation>
					</control>
				</focusedlayout>
				<content>
					<item id="1">
						<label>INFINITY TV Manual</label>
						<onclick>noop</onclick>
						<icon>-</icon>
					</item>
					<!--<item id="2">
						<label>16000</label>
						<onclick>noop</onclick>
						<icon>-</icon>
					</item>
					<item id="3">
						<label>31014</label>
						<onclick>noop</onclick>
						<icon>-</icon>
					</item>
					<item id="4">
						<label>10038</label>
						<onclick>noop</onclick>
						<icon>-</icon>
					</item>
					<item id="5">
						<label>1</label>
						<onclick>noop</onclick>
						<icon>-</icon>
					</item>
					<item id="6">
						<label>8</label>
						<onclick>noop</onclick>
						<icon>-</icon>
					</item>
					<item id="7">
						<label>24001</label>
						<onclick>noop</onclick>
						<icon>-</icon>
					</item>
					<item id="8">
						<label>14036</label>
						<onclick>noop</onclick>
						<icon>-</icon>
					</item>
					<item id="9">
						<label>13000</label>
						<onclick>noop</onclick>
						<icon>-</icon>
					</item>
					<item id="10">
						<label>10511</label>
						<onclick>noop</onclick>
						<icon>-</icon>
					</item>-->
				</content>
			</control>
			<control type="label">
				<description>LOGO</description>
				<posx>115</posx>
				<posy>752</posy>
				<width>300</width>
				<height>50</height>
				<aspectratio>keep</aspectratio>
				<align>center</align>
				<aligny>center</aligny>
				<label>[COLOR white]INFINITY[/COLOR] [COLOR blue]TV[/COLOR]</label>
				<font>font35_title</font>
				<shadowcolor>shadow</shadowcolor>
			</control>
			<include>SystemRightPanel</include>
			<control type="image">
				<description>separator image</description>
				<posx>522</posx>
				<posy>692</posy>
				<width>1316</width>
				<height>60</height>
				<texture border="1">separator2.png</texture>
			</control>
			<control type="group" id="9010">
				<visible>!Window.IsActive(1121)</visible>
				<include>SettingsFadeEffect</include>
				<control type="grouplist" id="9001">
					<description>control area</description>
					<posx>522</posx>
					<posy>32</posy>
					<width>1300</width>
					<height>820</height>
					<itemgap>0</itemgap>
					<pagecontrol>60</pagecontrol>
					<onleft>9000</onleft>
					<onright>60</onright>
					<onup>9001</onup>
					<ondown>9001</ondown>
					<visible>Container(9000).HasFocus(1)</visible>
					<control type="button" id="100">
						<description>manual</description>
						<width>790</width>
						<height>820</height>
						<textoffsetx>30</textoffsetx>
						<texturenofocus border="1">itv_manual/ITV_Manual_Page_01.jpg</texturenofocus>
						<texturefocus border="1">itv_manual/ITV_Manual_Page_01.jpg</texturefocus>
					</control>
					<control type="button" id="101">
						<description>manual</description>
						<width>790</width>
						<height>820</height>
						<textoffsetx>30</textoffsetx>
						<texturenofocus border="1">itv_manual/ITV_Manual_Page_02.jpg</texturenofocus>
						<texturefocus border="1">itv_manual/ITV_Manual_Page_02.jpg</texturefocus>
					</control>
					<control type="button" id="102">
						<description>manual</description>
						<width>790</width>
						<height>820</height>
						<textoffsetx>30</textoffsetx>
						<texturenofocus border="1">itv_manual/ITV_Manual_Page_03.jpg</texturenofocus>
						<texturefocus border="1">itv_manual/ITV_Manual_Page_03.jpg</texturefocus>
					</control>
					<control type="button" id="103">
						<description>manual</description>
						<width>790</width>
						<height>820</height>
						<textoffsetx>30</textoffsetx>
						<texturenofocus border="1">itv_manual/ITV_Manual_Page_04.jpg</texturenofocus>
						<texturefocus border="1">itv_manual/ITV_Manual_Page_04.jpg</texturefocus>
					</control>
					<control type="button" id="104">
						<description>manual</description>
						<width>790</width>
						<height>820</height>
						<textoffsetx>30</textoffsetx>
						<texturenofocus border="1">itv_manual/ITV_Manual_Page_05.jpg</texturenofocus>
						<texturefocus border="1">itv_manual/ITV_Manual_Page_05.jpg</texturefocus>
					</control>
					<control type="button" id="105">
						<description>manual</description>
						<width>790</width>
						<height>820</height>
						<textoffsetx>30</textoffsetx>
						<texturenofocus border="1">itv_manual/ITV_Manual_Page_06.jpg</texturenofocus>
						<texturefocus border="1">itv_manual/ITV_Manual_Page_06.jpg</texturefocus>
					</control>
					<control type="button" id="106">
						<description>manual</description>
						<width>790</width>
						<height>820</height>
						<textoffsetx>30</textoffsetx>
						<texturenofocus border="1">itv_manual/ITV_Manual_Page_07.jpg</texturenofocus>
						<texturefocus border="1">itv_manual/ITV_Manual_Page_07.jpg</texturefocus>
					</control>
					<control type="button" id="107">
						<description>manual</description>
						<width>790</width>
						<height>820</height>
						<textoffsetx>30</textoffsetx>
						<texturenofocus border="1">itv_manual/ITV_Manual_Page_08.jpg</texturenofocus>
						<texturefocus border="1">itv_manual/ITV_Manual_Page_08.jpg</texturefocus>
					</control>
					<control type="button" id="108">
						<description>manual</description>
						<width>790</width>
						<height>820</height>
						<textoffsetx>30</textoffsetx>
						<texturenofocus border="1">itv_manual/ITV_Manual_Page_09.jpg</texturenofocus>
						<texturefocus border="1">itv_manual/ITV_Manual_Page_09.jpg</texturefocus>
					</control>
					<control type="button" id="109">
						<description>manual</description>
						<width>790</width>
						<height>820</height>
						<textoffsetx>30</textoffsetx>
						<texturenofocus border="1">itv_manual/ITV_Manual_Page_10.jpg</texturenofocus>
						<texturefocus border="1">itv_manual/ITV_Manual_Page_10.jpg</texturefocus>
					</control>
					<control type="button" id="110">
						<description>manual</description>
						<width>790</width>
						<height>820</height>
						<textoffsetx>30</textoffsetx>
						<texturenofocus border="1">itv_manual/ITV_Manual_Page_11.jpg</texturenofocus>
						<texturefocus border="1">itv_manual/ITV_Manual_Page_11.jpg</texturefocus>
					</control>
					<control type="button" id="111">
						<description>manual</description>
						<width>790</width>
						<height>820</height>
						<textoffsetx>30</textoffsetx>
						<texturenofocus border="1">itv_manual/ITV_Manual_Page_12.jpg</texturenofocus>
						<texturefocus border="1">itv_manual/ITV_Manual_Page_12.jpg</texturefocus>
					</control>
					<control type="button" id="112">
						<description>manual</description>
						<width>790</width>
						<height>820</height>
						<textoffsetx>30</textoffsetx>
						<texturenofocus border="1">itv_manual/ITV_Manual_Page_13.jpg</texturenofocus>
						<texturefocus border="1">itv_manual/ITV_Manual_Page_13.jpg</texturefocus>
					</control>
					<control type="button" id="113">
						<description>manual</description>
						<width>790</width>
						<height>820</height>
						<textoffsetx>30</textoffsetx>
						<texturenofocus border="1">itv_manual/ITV_Manual_Page_14.jpg</texturenofocus>
						<texturefocus border="1">itv_manual/ITV_Manual_Page_14.jpg</texturefocus>
					</control>
					<control type="button" id="114">
						<description>manual</description>
						<width>790</width>
						<height>820</height>
						<textoffsetx>30</textoffsetx>
						<texturenofocus border="1">itv_manual/ITV_Manual_Page_15.jpg</texturenofocus>
						<texturefocus border="1">itv_manual/ITV_Manual_Page_15.jpg</texturefocus>
					</control>
					<control type="button" id="115">
						<description>manual</description>
						<width>790</width>
						<height>820</height>
						<textoffsetx>30</textoffsetx>
						<texturenofocus border="1">itv_manual/ITV_Manual_Page_16.jpg</texturenofocus>
						<texturefocus border="1">itv_manual/ITV_Manual_Page_16.jpg</texturefocus>
					</control>
					<control type="button" id="116">
						<description>manual</description>
						<width>790</width>
						<height>820</height>
						<textoffsetx>30</textoffsetx>
						<texturenofocus border="1">itv_manual/ITV_Manual_Page_17.jpg</texturenofocus>
						<texturefocus border="1">itv_manual/ITV_Manual_Page_17.jpg</texturefocus>
					</control>
					<control type="button" id="117">
						<description>manual</description>
						<width>790</width>
						<height>820</height>
						<textoffsetx>30</textoffsetx>
						<texturenofocus border="1">itv_manual/ITV_Manual_Page_18.jpg</texturenofocus>
						<texturefocus border="1">itv_manual/ITV_Manual_Page_18.jpg</texturefocus>
					</control>
					<control type="button" id="118">
						<description>manual</description>
						<width>790</width>
						<height>820</height>
						<textoffsetx>30</textoffsetx>
						<texturenofocus border="1">itv_manual/ITV_Manual_Page_19.jpg</texturenofocus>
						<texturefocus border="1">itv_manual/ITV_Manual_Page_19.jpg</texturefocus>
					</control>
					<control type="button" id="119">
						<description>manual</description>
						<width>790</width>
						<height>820</height>
						<textoffsetx>30</textoffsetx>
						<texturenofocus border="1">itv_manual/ITV_Manual_Page_20.jpg</texturenofocus>
						<texturefocus border="1">itv_manual/ITV_Manual_Page_20.jpg</texturefocus>
					</control>
					<control type="button" id="120">
						<description>manual</description>
						<width>790</width>
						<height>820</height>
						<textoffsetx>30</textoffsetx>
						<texturenofocus border="1">itv_manual/ITV_Manual_Page_21.jpg</texturenofocus>
						<texturefocus border="1">itv_manual/ITV_Manual_Page_21.jpg</texturefocus>
					</control>
					<control type="button" id="121">
						<description>manual</description>
						<width>790</width>
						<height>820</height>
						<textoffsetx>30</textoffsetx>
						<texturenofocus border="1">itv_manual/ITV_Manual_Page_22.jpg</texturenofocus>
						<texturefocus border="1">itv_manual/ITV_Manual_Page_22.jpg</texturefocus>
					</control>
					<control type="button" id="122">
						<description>manual</description>
						<width>790</width>
						<height>820</height>
						<textoffsetx>30</textoffsetx>
						<texturenofocus border="1">itv_manual/ITV_Manual_Page_23.jpg</texturenofocus>
						<texturefocus border="1">itv_manual/ITV_Manual_Page_23.jpg</texturefocus>
					</control>
				</control>
			</control>
		</control>
	</controls>
</window>