<?xml version="1.0" encoding="UTF-8"?>
<includes>
	<!-- Main Menu Includes -->
	<include name="MainMenuListContent">
		<posx>-290</posx>
		<posy>62</posy>
		<width>2800</width>
		<height>100</height>
		<onleft>9000</onleft>
		<onright>9000</onright>
		<movement>1</movement>
		<onup condition="Control.IsVisible(9003) + ![System.HasMediaDVD | System.HasAddon(script.globalsearch)]">9003</onup>
		<onup condition="Control.IsVisible(91000) | System.HasMediaDVD | System.HasAddon(script.globalsearch)">91000</onup>
		<!--<onup condition="Control.IsVisible(9003) + !System.HasMediaDVD">9003</onup>
		<onup condition="System.HasMediaDVD">9020</onup>-->
		<ondown>9001</ondown>
		<pagecontrol>-</pagecontrol>
		<scrolltime tween="quadratic" easing="out">300</scrolltime>
		<include condition="Skin.HasSetting(mainmenuicons)">FocusPosition4</include>
		<include condition="!Skin.HasSetting(mainmenuicons)">FocusPosition2</include>
		<orientation>Horizontal</orientation>
		<animation effect="slide" start="0" end="-350,0" time="320" tween="cubic" easing="inout" condition="Skin.HasSetting(biggergap)">Conditional</animation>
		<animation effect="slide" start="0" end="126,0" time="320" tween="cubic" easing="inout" condition="Skin.HasSetting(mainmenuicons)">Conditional</animation>
		<itemlayout height="100" width="500" condition="![Skin.HasSetting(biggergap) | Skin.HasSetting(mainmenuicons)]">
			<control type="label">
				<posx>250</posx>
				<posy>0</posy>
				<width>500</width>
				<height>90</height>
				<font>font_MainMenu</font>
				<textcolor>grey3</textcolor>
				<align>center</align>
				<aligny>center</aligny>
				<label>$INFO[ListItem.Label]</label>
			</control>
		</itemlayout>
		<focusedlayout height="100" width="500" condition="![Skin.HasSetting(biggergap) | Skin.HasSetting(mainmenuicons)]">
			<control type="label">
				<posx>250</posx>
				<posy>0</posy>
				<width>500</width>
				<height>90</height>
				<font>font_MainMenu</font>
				<textcolor>grey3</textcolor>
				<align>center</align>
				<aligny>center</aligny>
				<label>$INFO[ListItem.Label]</label>
			</control>
			<control type="label">
				<posx>250</posx>
				<posy>0</posy>
				<width>500</width>
				<height>90</height>
				<font>font_MainMenu</font>
				<textcolor>white</textcolor>
				<align>center</align>
				<aligny>center</aligny>
				<label>$INFO[ListItem.Label]</label>
				<visible>Control.HasFocus(9000)</visible>
				<include>VisibleFadeEffect</include>
			</control>
		</focusedlayout>
		<itemlayout height="100" width="640" condition="Skin.HasSetting(biggergap)">
			<control type="label">
				<posx>320</posx>
				<posy>0</posy>
				<width>640</width>
				<height>90</height>
				<font>font_MainMenu</font>
				<textcolor>grey3</textcolor>
				<align>center</align>
				<aligny>center</aligny>
				<label>$INFO[ListItem.Label]</label>
			</control>
		</itemlayout>
		<focusedlayout height="100" width="640" condition="Skin.HasSetting(biggergap)">
			<control type="label">
				<posx>320</posx>
				<posy>0</posy>
				<width>640</width>
				<height>90</height>
				<font>font_MainMenu</font>
				<textcolor>grey3</textcolor>
				<align>center</align>
				<aligny>center</aligny>
				<label>$INFO[ListItem.Label]</label>
			</control>
			<control type="label">
				<posx>320</posx>
				<posy>0</posy>
				<width>640</width>
				<height>90</height>
				<font>font_MainMenu</font>
				<textcolor>white</textcolor>
				<align>center</align>
				<aligny>center</aligny>
				<label>$INFO[ListItem.Label]</label>
				<visible>Control.HasFocus(9000)</visible>
				<include>VisibleFadeEffect</include>
			</control>
		</focusedlayout>
		<itemlayout height="100" width="250" condition="Skin.HasSetting(mainmenuicons)">
			<control type="image">
				<posx>72</posx>
				<posy>-2</posy>
				<width>105</width>
				<height>105</height>
				<texture background="true">$INFO[ListItem.ActualIcon]</texture>
				<colordiffuse>grey3</colordiffuse>
			</control>
			<!--<control type="image">
				<posx>89</posx>
				<posy>-16</posy>
				<width>88</width>
				<height>88</height>
				<texture background="true">$INFO[ListItem.Property(Icon)]</texture>
				<colordiffuse>grey3</colordiffuse>
			</control>
			<control type="label">
				<posx>133</posx>
				<posy>50</posy>
				<width>266</width>
				<height>40</height>
				<font>font13_title</font>
				<textcolor>grey3</textcolor>
				<align>center</align>
				<aligny>center</aligny>
				<label>[UPPERCASE]$INFO[ListItem.Label][/UPPERCASE]</label>
			</control>-->
		</itemlayout>
		<focusedlayout height="100" width="250" condition="Skin.HasSetting(mainmenuicons)">
			<control type="image">
				<posx>72</posx>
				<posy>-2</posy>
				<width>105</width>
				<height>105</height>
				<texture background="true">$INFO[ListItem.ActualIcon]</texture>
			</control>
			<!--<control type="image">
				<posx>89</posx>
				<posy>-16</posy>
				<width>88</width>
				<height>88</height>
				<texture background="true">$INFO[ListItem.Property(Icon)]</texture>
			</control>
			<control type="label">
				<posx>133</posx>
				<posy>50</posy>
				<width>266</width>
				<height>40</height>
				<font>font13_title</font>
				<textcolor>grey3</textcolor>
				<align>center</align>
				<aligny>center</aligny>
				<label>[UPPERCASE]$INFO[ListItem.Label][/UPPERCASE]</label>
			</control>
			<control type="label">
				<posx>133</posx>
				<posy>50</posy>
				<width>266</width>
				<height>40</height>
				<font>font13_title</font>
				<textcolor>white</textcolor>
				<align>center</align>
				<aligny>center</aligny>
				<label>[UPPERCASE]$INFO[ListItem.Label][/UPPERCASE]</label>
				<visible>Control.HasFocus(9000)</visible>
				<include>VisibleFadeEffect</include>
			</control>-->
		</focusedlayout>
		<include>FallbackMenu</include>
	</include>
	<include name="MainMenuListFixed">
		<control type="fixedlist" id="9000">
			<include>MainMenuListContent</include>
		</control>
	</include>
	<include name="MainMenuListWrapped">
		<control type="wraplist" id="9000">
			<include>MainMenuListContent</include>
		</control>
	</include>

	<include name="FocusPosition4">
		<focusposition>4</focusposition>
	</include>
	<include name="FocusPosition2">
		<focusposition>2</focusposition>
	</include>

	<!--Main Menu-->
	<include name="PicturesMainMenu">
		<item id="4">
			<label fallback="BOXSETS">$INFO[Skin.String(PicturesHomeItem.Label)]</label>
			<onclick>$INFO[Container(9000).ListItem.Property(Path)]</onclick>
			<icon fallback="special://skin/extras/icons/boxset.png">$INFO[Skin.String(PicturesHomeItem.Icon)]</icon>
			<thumb fallback="special://skin/backgrounds/ITV_ScreenNOBug_BOXSETS_Fin.jpg">$INFO[Skin.String(PicturesHomeItem.MultiFanart)]</thumb>
			<property name="Path" fallback="ActivateWindow(10025,&quot;plugin://plugin.video.phstreams/?url=http://zenica.watchkodi.com/Directories/720p%20Boxsets%20Directory.xml&amp;mode=ndmode&amp;name=720p+Boxsets&amp;sound=&quot;,return)">$INFO[Skin.String(PicturesHomeItem.Path)]</property>
			<property name="Item">Pictures</property>
			<property name="BGType">$INFO[Skin.String(PicturesHomeItem.BGType)]</property>
			<property name="Widget">$INFO[Skin.String(PicturesHomeItem.Widget)]</property>
			<property name="WidgetLabel">$INFO[Skin.String(PicturesHomeItem.WidgetLabel)]</property>
			<property name="WidgetType">$INFO[Skin.String(PicturesHomeItem.WidgetType)]</property>
			<property name="InfoLine">$INFO[Skin.String(PicturesHomeItem.InfoLine)]</property>
			<property name="submenuVisibility" fallback="x202">$INFO[Skin.String(PicturesHomeItem.SubMenu)]</property>
			<property name="Disable">$INFO[Skin.String(PicturesHomeItem.Disable)]</property>
		</item>
	</include>
	<include name="MusicMainMenu">
		<item id="3">
			<label fallback="PLAYLIST">$INFO[Skin.String(MusicHomeItem.Label)]</label>
			<onclick>$INFO[Container(9000).ListItem.Property(Path)]</onclick>
			<icon fallback="special://skin/extras/icons/playlist.png">$INFO[Skin.String(MusicHomeItem.Icon)]</icon>
			<thumb fallback="special://skin/backgrounds/ITV_ScreenNOBug_PLAYLIST_Fin.jpg">$INFO[Skin.String(MusicHomeItem.MultiFanart)]</thumb>
			<property name="Path" fallback="ActivateWindow(10025,&quot;plugin://plugin.video.phstreams/?url=http://gibraltar.watchkodi.com/maindir/main.xml&amp;mode=ndmode&amp;name=One242415+&amp;sound=&quot;,return)">$INFO[Skin.String(MusicHomeItem.Path)]</property>
			<property name="Item">Music</property>
			<property name="BGType">$INFO[Skin.String(MusicHomeItem.BGType)]</property>
			<property name="Widget">$INFO[Skin.String(MusicHomeItem.Widget)]</property>
			<property name="WidgetLabel">$INFO[Skin.String(MusicHomeItem.WidgetLabel)]</property>
			<property name="WidgetType">$INFO[Skin.String(MusicHomeItem.WidgetType)]</property>
			<property name="InfoLine">$INFO[Skin.String(MusicHomeItem.InfoLine)]</property>
			<property name="submenuVisibility" fallback="x202">$INFO[Skin.String(MusicHomeItem.SubMenu)]</property>
			<property name="Disable">$INFO[Skin.String(MusicHomeItem.Disable)]</property>
		</item>
	</include>
	<include name="MoviesMainMenu">
		<item id="10">
			<label fallback="[COLOR blue]~  WELCOME  ~[/COLOR]">$INFO[Skin.String(MovieHomeItem.Label)]</label>
			<onclick>$INFO[Container(9000).ListItem.Property(Path)]</onclick>
			<icon fallback="special://skin/extras/icons/home.png">$INFO[Skin.String(MovieHomeItem.Icon)]</icon>
			<thumb>$INFO[Skin.String(MovieHomeItem.MultiFanart)]</thumb>
			<property name="Path" fallback="ActivateWindow(6666)">$INFO[Skin.String(MovieHomeItem.Path)]</property>
			<property name="Item">Movie</property>
			<property name="BGType">$INFO[Skin.String(MovieHomeItem.BGType)]</property>
			<property name="Widget">$INFO[Skin.String(MovieHomeItem.Widget)]</property>
			<property name="WidgetLabel">$INFO[Skin.String(MovieHomeItem.WidgetLabel)]</property>
			<property name="WidgetType">$INFO[Skin.String(MovieHomeItem.WidgetType)]</property>
			<property name="InfoLine">$INFO[Skin.String(MovieHomeItem.InfoLine)]</property>
			<property name="submenuVisibility" fallback="x6">$INFO[Skin.String(MovieHomeItem.SubMenu)]</property>
			<property name="Disable">$INFO[Skin.String(MovieHomeItem.Disable)]</property>
		</item>
	</include>
	<include name="TVShowsMainMenu">
		<item id="11">
			<label fallback="ON-DEMAND">$INFO[Skin.String(TVShowHomeItem.Label)]</label>
			<onclick>$INFO[Container(9000).ListItem.Property(Path)]</onclick>
			<icon fallback="views/list/defaultaddonvideo.png">$INFO[Skin.String(TVShowHomeItem.Icon)]</icon>
			<thumb fallback="special://skin/backgrounds/ITV_ScreenNOBug_ON-DEMAND_Fin.jpg">$INFO[Skin.String(TVShowHomeItem.MultiFanart)]</thumb>
			<property name="Path" fallback="ActivateWindow()">$INFO[Skin.String(TVShowHomeItem.Path)]</property>
			<property name="Item">TVShow</property>
			<property name="BGType">$INFO[Skin.String(TVShowHomeItem.BGType)]</property>
			<property name="Widget">$INFO[Skin.String(TVShowHomeItem.Widget)]</property>
			<property name="WidgetLabel">$INFO[Skin.String(TVShowHomeItem.WidgetLabel)]</property>
			<property name="WidgetType">$INFO[Skin.String(TVShowHomeItem.WidgetType)]</property>
			<property name="InfoLine">$INFO[Skin.String(TVShowHomeItem.InfoLine)]</property>
			<property name="submenuVisibility" fallback="x11">$INFO[Skin.String(TVShowHomeItem.SubMenu)]</property>
			<property name="Disable">$INFO[Skin.String(TVShowHomeItem.Disable)]</property>
		</item>
	</include>
	<include name="TVMainMenu">
		<item id="12">
			<label fallback="SPORTS">$INFO[Skin.String(LiveTVHomeItem.Label)]</label>
			<onclick>$INFO[Container(9000).ListItem.Property(Path)]</onclick>
			<icon fallback="special://skin/extras/icons/sports.png">$INFO[Skin.String(LiveTVHomeItem.Icon)]</icon>
			<thumb fallback="special://skin/backgrounds/ITV_ScreenNOBug_SPORTS_Fin.jpg">$INFO[Skin.String(LiveTVHomeItem.MultiFanart)]</thumb>
			<property name="Path" fallback="ActivateWindow()">$INFO[Skin.String(LiveTVHomeItem.Path)]</property>
			<property name="Item">LiveTV</property>
			<property name="BGType">$INFO[Skin.String(LiveTVHomeItem.BGType)]</property>
			<property name="Widget">$INFO[Skin.String(LiveTVHomeItem.Widget)]</property>
			<property name="WidgetLabel">$INFO[Skin.String(LiveTVHomeItem.WidgetLabel)]</property>
			<property name="WidgetType">$INFO[Skin.String(LiveTVHomeItem.WidgetType)]</property>
			<property name="InfoLine">$INFO[Skin.String(LiveTVHomeItem.InfoLine)]</property>
			<property name="submenuVisibility" fallback="x606">$INFO[Skin.String(LiveTVHomeItem.SubMenu)]</property>
			<property name="Disable">$INFO[Skin.String(LiveTVHomeItem.Disable)]</property>
		</item>
	</include>
	<include name="VideosMainMenu">
		<item id="2">
			<label fallback="TRAILERS">$INFO[Skin.String(VideosHomeItem.Label)]</label>
			<onclick>$INFO[Container(9000).ListItem.Property(Path)]</onclick>
			<icon fallback="views/list/defaultstudios.png">$INFO[Skin.String(VideosHomeItem.Icon)]</icon>
			<thumb fallback="special://skin/backgrounds/ITV_ScreenNOBug_TRAILERS_Fin.jpg">$INFO[Skin.String(VideosHomeItem.MultiFanart)]</thumb>
			<property name="Path" fallback="ActivateWindow(10025,&quot;plugin://plugin.video.itunes_trailers&quot;,return)">$INFO[Skin.String(VideosHomeItem.Path)]</property>
			<property name="Item">Videos</property>
			<property name="BGType">$INFO[Skin.String(VideosHomeItem.BGType)]</property>
			<property name="Widget">$INFO[Skin.String(VideosHomeItem.Widget)]</property>
			<property name="WidgetLabel">$INFO[Skin.String(VideosHomeItem.WidgetLabel)]</property>
			<property name="WidgetType">$INFO[Skin.String(VideosHomeItem.WidgetType)]</property>
			<property name="InfoLine">$INFO[Skin.String(VideosHomeItem.InfoLine)]</property>
			<property name="submenuVisibility" fallback="x202">$INFO[Skin.String(VideosHomeItem.SubMenu)]</property>
			<property name="Disable">$INFO[Skin.String(VideosHomeItem.Disable)]</property>
		</item>
	</include>
	<include name="ProgramsMainMenu">
		<item id="1">
			<label fallback="FAVOURITES">$INFO[Skin.String(ProgramsHomeItem.Label)]</label>
			<onclick>$INFO[Container(9000).ListItem.Property(Path)]</onclick>
			<icon fallback="special://skin/extras/icons/Favorites.png">$INFO[Skin.String(ProgramsHomeItem.Icon)]</icon>
			<thumb fallback="special://skin/backgrounds/ITV_ScreenNOBug_FAVOURITES_Fin.jpg">$INFO[Skin.String(ProgramsHomeItem.MultiFanart)]</thumb>
			<property name="Path" fallback="ActivateWindow(Favourites)">$INFO[Skin.String(ProgramsHomeItem.Path)]</property>
			<property name="Item">Programs</property>
			<property name="BGType">$INFO[Skin.String(ProgramsHomeItem.BGType)]</property>
			<property name="Widget">$INFO[Skin.String(ProgramsHomeItem.Widget)]</property>
			<property name="WidgetLabel">$INFO[Skin.String(ProgramsHomeItem.WidgetLabel)]</property>
			<property name="WidgetType">$INFO[Skin.String(ProgramsHomeItem.WidgetType)]</property>
			<property name="InfoLine">$INFO[Skin.String(ProgramsHomeItem.InfoLine)]</property>
			<property name="submenuVisibility" fallback="x202">$INFO[Skin.String(ProgramsHomeItem.SubMenu)]</property>
			<property name="Disable">$INFO[Skin.String(ProgramsHomeItem.Disable)]</property>
		</item>
	</include>
	<include name="SettingsMainMenu">
		<item id="5">
			<label fallback="File manager">$INFO[Skin.String(SettingsHomeItem.Label)]</label>
			<onclick>$INFO[Container(9000).ListItem.Property(Path)]</onclick>
			<icon fallback="views/list/DefaultAddonService.png">$INFO[Skin.String(SettingsHomeItem.Icon)]</icon>
			<thumb>$INFO[Skin.String(SettingsHomeItem.MultiFanart)]</thumb>
			<!--<property name="Path" fallback="ActivateWindow(FileManager)">$INFO[Skin.String(SettingsHomeItem.Path)]</property>-->
			<property name="Path">$INFO[Skin.String(SettingsHomeItem.Path)]</property>
			<property name="Item">Settings</property>
			<property name="BGType">$INFO[Skin.String(SettingsHomeItem.BGType)]</property>
			<property name="Widget">$INFO[Skin.String(SettingsHomeItem.Widget)]</property>
			<property name="WidgetLabel">$INFO[Skin.String(SettingsHomeItem.WidgetLabel)]</property>
			<property name="WidgetType">$INFO[Skin.String(SettingsHomeItem.WidgetType)]</property>
			<property name="InfoLine">$INFO[Skin.String(SettingsHomeItem.InfoLine)]</property>
			<property name="submenuVisibility" fallback="x202">$INFO[Skin.String(SettingsHomeItem.SubMenu)]</property>
			<property name="Disable">$INFO[Skin.String(SettingsHomeItem.Disable)]</property>
		</item>
	</include>
	<include name="ShutdownMainMenu">
		<item id="6">
			<label fallback="Programs">$INFO[Skin.String(ShutdownHomeItem.Label)]</label>
			<onclick>$INFO[Container(9000).ListItem.Property(Path)]</onclick>
			<icon fallback="views/list/defaultaddonrepository.png">$INFO[Skin.String(ShutdownHomeItem.Icon)]</icon>
			<thumb>$INFO[Skin.String(ShutdownHomeItem.MultiFanart)]</thumb>
			<!--<property name="Path" fallback="ActivateWindow(Programs,Addons,return)">$INFO[Skin.String(ShutdownHomeItem.Path)]</property>-->
			<property name="Path">$INFO[Skin.String(ShutdownHomeItem.Path)]</property>
			<property name="Item">Shutdown</property>
			<property name="BGType">$INFO[Skin.String(ShutdownHomeItem.BGType)]</property>
			<property name="Widget">$INFO[Skin.String(ShutdownHomeItem.Widget)]</property>
			<property name="WidgetLabel">$INFO[Skin.String(ShutdownHomeItem.WidgetLabel)]</property>
			<property name="WidgetType">$INFO[Skin.String(ShutdownHomeItem.WidgetType)]</property>
			<property name="InfoLine">$INFO[Skin.String(ShutdownHomeItem.InfoLine)]</property>
			<property name="submenuVisibility" fallback="x202">$INFO[Skin.String(ShutdownHomeItem.SubMenu)]</property>
			<property name="Disable">$INFO[Skin.String(ShutdownHomeItem.Disable)]</property>
		</item>
	</include>
	<include name="FavoritesMainMenu">
		<item id="8">
			<label fallback="Settings">$INFO[Skin.String(FavoritesHomeItem.Label)]</label>
			<onclick>$INFO[Container(9000).ListItem.Property(Path)]</onclick>
			<icon fallback="views/list/defaultaddonservice.png">$INFO[Skin.String(FavoritesHomeItem.Icon)]</icon>
			<thumb>$INFO[Skin.String(FavoritesHomeItem.MultiFanart)]</thumb>
			<!--<property name="Path" fallback="ActivateWindow(Settings)">$INFO[Skin.String(FavoritesHomeItem.Path)]</property>-->
			<property name="Path">$INFO[Skin.String(FavoritesHomeItem.Path)]</property>
			<property name="Item">Favorites</property>
			<property name="BGType">$INFO[Skin.String(FavoritesHomeItem.BGType)]</property>
			<property name="Widget">$INFO[Skin.String(FavoritesHomeItem.Widget)]</property>
			<property name="WidgetLabel">$INFO[Skin.String(FavoritesHomeItem.WidgetLabel)]</property>
			<property name="WidgetType">$INFO[Skin.String(FavoritesHomeItem.WidgetType)]</property>
			<property name="InfoLine">$INFO[Skin.String(FavoritesHomeItem.InfoLine)]</property>
			<property name="submenuVisibility" fallback="x202">$INFO[Skin.String(FavoritesHomeItem.SubMenu)]</property>
			<property name="Disable">$INFO[Skin.String(FavoritesHomeItem.Disable)]</property>
		</item>
	</include>
	<include name="WeatherMainMenu"><property name="Path">$INFO[Skin.String(Custom1HomeItem.Path)]</property>
		<item id="7">
			<label fallback="31950">$INFO[Skin.String(WeatherHomeItem.Label)]</label>
			<onclick>$INFO[Container(9000).ListItem.Property(Path)]</onclick>
			<icon fallback="views/list/DefaultAddonWeather.png">$INFO[Skin.String(WeatherHomeItem.Icon)]</icon>
			<thumb>$INFO[Skin.String(WeatherHomeItem.MultiFanart)]</thumb>
			<!--<property name="Path" fallback="ActivateWindow(Weather)">$INFO[Skin.String(WeatherHomeItem.Path)]</property>-->
			<property name="Path">$INFO[Skin.String(WeatherHomeItem.Path)]</property>
			<property name="Item">Weather</property>
			<property name="BGType">$INFO[Skin.String(WeatherHomeItem.BGType)]</property>
			<property name="Widget">$INFO[Skin.String(WeatherHomeItem.Widget)]</property>
			<property name="WidgetLabel">$INFO[Skin.String(WeatherHomeItem.WidgetLabel)]</property>
			<property name="WidgetType">$INFO[Skin.String(WeatherHomeItem.WidgetType)]</property>
			<property name="InfoLine">$INFO[Skin.String(WeatherHomeItem.InfoLine)]</property>
			<property name="submenuVisibility" fallback="x7">$INFO[Skin.String(WeatherHomeItem.SubMenu)]</property>
			<property name="Disable">$INFO[Skin.String(WeatherHomeItem.Disable)]</property>
		</item>
	</include>
	<include name="MusicVideosMainMenu">
		<item id="13">
			<label fallback="31960">$INFO[Skin.String(MusicVideoHomeItem.Label)]</label>
			<onclick>$INFO[Container(9000).ListItem.Property(Path)]</onclick>
			<icon fallback="views/list/DefaultAddonMusic.png">$INFO[Skin.String(MusicVideoHomeItem.Icon)]</icon>
			<thumb>$INFO[Skin.String(MusicVideoHomeItem.MultiFanart)]</thumb>
			<!--<property name="Path" fallback="ActivateWindow(Videos,MusicVideoTitles,return)">$INFO[Skin.String(MusicVideoHomeItem.Path)]</property>-->
			<property name="Path">$INFO[Skin.String(MusicVideoHomeItem.Path)]</property>
			<property name="Item">MusicVideo</property>
			<property name="BGType">$INFO[Skin.String(MusicVideoHomeItem.BGType)]</property>
			<property name="Widget">$INFO[Skin.String(MusicVideoHomeItem.Widget)]</property>
			<property name="WidgetLabel">$INFO[Skin.String(MusicVideoHomeItem.WidgetLabel)]</property>
			<property name="WidgetType">$INFO[Skin.String(MusicVideoHomeItem.WidgetType)]</property>
			<property name="InfoLine">$INFO[Skin.String(MusicVideoHomeItem.InfoLine)]</property>
			<property name="submenuVisibility" fallback="x13">$INFO[Skin.String(MusicVideoHomeItem.SubMenu)]</property>
			<property name="Disable">$INFO[Skin.String(MusicVideoHomeItem.Disable)]</property>
		</item>
	</include>
	<include name="CustomMainMenuItem1">
		<item id="101">
			<label fallback="NEWS">$INFO[Skin.String(Custom1HomeItem.Label)]</label>
			<onclick>$INFO[Container(9000).ListItem.Property(Path)]</onclick>
			<icon fallback="special://skin/extras/icons/news.png">$INFO[Skin.String(Custom1HomeItem.Icon)]</icon>
			<thumb fallback="special://skin/backgrounds/ITV_ScreenNOBug_NEWS_Fin.jpg">$INFO[Skin.String(Custom1HomeItem.MultiFanart)]</thumb>
			<property name="Path" fallback="ActivateWindow(10025,&quot;plugin://plugin.video.world.news.live&quot;,return)">$INFO[Skin.String(Custom1HomeItem.Path)]</property>
			<property name="Item">Custom1</property>
			<property name="BGType">$INFO[Skin.String(Custom1HomeItem.BGType)]</property>
			<property name="Widget">$INFO[Skin.String(Custom1HomeItem.Widget)]</property>
			<property name="WidgetLabel">$INFO[Skin.String(Custom1HomeItem.WidgetLabel)]</property>
			<property name="WidgetType">$INFO[Skin.String(Custom1HomeItem.WidgetType)]</property>
			<property name="InfoLine">$INFO[Skin.String(Custom1HomeItem.InfoLine)]</property>
			<property name="submenuVisibility" fallback="x101">$INFO[Skin.String(Custom1HomeItem.SubMenu)]</property>
			<property name="Disable">$INFO[Skin.String(Custom1HomeItem.Disable)]</property>
		</item>
	</include>
	<include name="CustomMainMenuItem2">
		<item id="202">
			<label fallback="LIVE TV">$INFO[Skin.String(Custom2HomeItem.Label)]</label>
			<onclick>$INFO[Container(9000).ListItem.Property(Path)]</onclick>
			<icon fallback="special://skin/extras/icons/livetv.png">$INFO[Skin.String(Custom2HomeItem.Icon)]</icon>
			<thumb fallback="special://skin/backgrounds/ITV_ScreenNOBug_LIVETV_Fin.jpg">$INFO[Skin.String(Custom2HomeItem.MultiFanart)]</thumb>
			<property name="Path" fallback="ActivateWindow(10025,&quot;plugin://plugin.video.phstreams/?url=http://banjaluka.watchkodi.com//USA_TV.xml&amp;mode=ndmode&amp;name=[COLOR+orange]+USA+TV[/COLOR]+[COLOR+red]+Updated+01/13/15[/COLOR]&amp;sound=&quot;,return)">$INFO[Skin.String(Custom2HomeItem.Path)]</property>
			<property name="Item">Custom2</property>
			<property name="BGType">$INFO[Skin.String(Custom2HomeItem.BGType)]</property>
			<property name="Widget">$INFO[Skin.String(Custom2HomeItem.Widget)]</property>
			<property name="WidgetLabel">$INFO[Skin.String(Custom2HomeItem.WidgetLabel)]</property>
			<property name="WidgetType">$INFO[Skin.String(Custom2HomeItem.WidgetType)]</property>
			<property name="InfoLine">$INFO[Skin.String(Custom2HomeItem.InfoLine)]</property>
			<property name="submenuVisibility" fallback="x404">$INFO[Skin.String(Custom2HomeItem.SubMenu)]</property>
			<property name="Disable">$INFO[Skin.String(Custom2HomeItem.Disable)]</property>
		</item>
	</include>
	<include name="CustomMainMenuItem3">
		<item id="303">
			<label fallback="KIDS ZONE">$INFO[Skin.String(Custom3HomeItem.Label)]</label>
			<onclick>$INFO[Container(9000).ListItem.Property(Path)]</onclick>
			<icon fallback="special://skin/extras/icons/Disney.png">$INFO[Skin.String(Custom3HomeItem.Icon)]</icon>
			<thumb fallback="special://skin/backgrounds/ITV_ScreenNOBug_KIDSZONE_Fin.jpg">$INFO[Skin.String(Custom3HomeItem.MultiFanart)]</thumb>
			<property name="Path" fallback="ActivateWindow()">$INFO[Skin.String(Custom3HomeItem.Path)]</property>
			<property name="Item">Custom3</property>
			<property name="BGType">$INFO[Skin.String(Custom3HomeItem.BGType)]</property>
			<property name="Widget">$INFO[Skin.String(Custom3HomeItem.Widget)]</property>
			<property name="WidgetLabel">$INFO[Skin.String(Custom3HomeItem.WidgetLabel)]</property>
			<property name="WidgetType">$INFO[Skin.String(Custom3HomeItem.WidgetType)]</property>
			<property name="InfoLine">$INFO[Skin.String(Custom3HomeItem.InfoLine)]</property>
			<property name="submenuVisibility" fallback="x303">$INFO[Skin.String(Custom3HomeItem.SubMenu)]</property>
			<property name="Disable">$INFO[Skin.String(Custom3HomeItem.Disable)]</property>
		</item>
	</include>
	<include name="CustomMainMenuItem4">
		<item id="404">
			<label fallback="KARAOKE">$INFO[Skin.String(Custom4HomeItem.Label)]</label>
			<onclick>$INFO[Container(9000).ListItem.Property(Path)]</onclick>
			<icon fallback="views/list/defaultaddonlyrics.png">$INFO[Skin.String(Custom4HomeItem.Icon)]</icon>
			<thumb fallback="special://skin/backgrounds/ITV_ScreenNOBug_KARAOKE_Fin.jpg">$INFO[Skin.String(Custom4HomeItem.MultiFanart)]</thumb>
			<property name="Path" fallback="ActivateWindow(10501,&quot;plugin://plugin.video.MikeysKaraoke&quot;,return)">$INFO[Skin.String(Custom4HomeItem.Path)]</property>
			<property name="Item">Custom4</property>
			<property name="BGType">$INFO[Skin.String(Custom4HomeItem.BGType)]</property>
			<property name="Widget">$INFO[Skin.String(Custom4HomeItem.Widget)]</property>
			<property name="WidgetLabel">$INFO[Skin.String(Custom4HomeItem.WidgetLabel)]</property>
			<property name="WidgetType">$INFO[Skin.String(Custom4HomeItem.WidgetType)]</property>
			<property name="InfoLine">$INFO[Skin.String(Custom4HomeItem.InfoLine)]</property>
			<property name="submenuVisibility" fallback="x202">$INFO[Skin.String(Custom4HomeItem.SubMenu)]</property>
			<property name="Disable">$INFO[Skin.String(Custom4HomeItem.Disable)]</property>
		</item>
	</include>
	<include name="CustomMainMenuItem5">
		<item id="505">
			<label fallback="MUSIC">$INFO[Skin.String(Custom5HomeItem.Label)]</label>
			<onclick>$INFO[Container(9000).ListItem.Property(Path)]</onclick>
			<icon fallback="views/list/defaultaddonmusic.png">$INFO[Skin.String(Custom5HomeItem.Icon)]</icon>
			<thumb fallback="special://skin/backgrounds/ITV_ScreenNOBug_MUSIC_Fin.jpg">$INFO[Skin.String(Custom5HomeItem.MultiFanart)]</thumb>
			<property name="Path" fallback="ActivateWindow(10501,&quot;plugin://plugin.audio.musicbox&quot;,return)">$INFO[Skin.String(Custom5HomeItem.Path)]</property>
			<property name="Item">Custom5</property>
			<property name="BGType">$INFO[Skin.String(Custom5HomeItem.BGType)]</property>
			<property name="Widget">$INFO[Skin.String(Custom5HomeItem.Widget)]</property>
			<property name="WidgetLabel">$INFO[Skin.String(Custom5HomeItem.WidgetLabel)]</property>
			<property name="WidgetType">$INFO[Skin.String(Custom5HomeItem.WidgetType)]</property>
			<property name="InfoLine">$INFO[Skin.String(Custom5HomeItem.InfoLine)]</property>
			<property name="submenuVisibility" fallback="x5">$INFO[Skin.String(Custom5HomeItem.SubMenu)]</property>
			<property name="enable">$INFO[Skin.String(Custom5HomeItem.Disable)]</property>
		</item>
	</include>
	<include name="CustomMainMenuItem6">
		<item id="606">
			<label fallback="Add-ons">$INFO[Skin.String(Custom6HomeItem.Label)]</label>
			<onclick>$INFO[Container(9000).ListItem.Property(Path)]</onclick>
			<icon fallback="views/list/defaultaddon.png">$INFO[Skin.String(Custom6HomeItem.Icon)]</icon>
			<thumb fallback="special://skin/backgrounds/ITV_ScreenNOBug_ADDONS_Fin.jpg">$INFO[Skin.String(Custom6HomeItem.MultiFanart)]</thumb>
			<property name="Path" fallback="ActivateWindow(Videos,Addons,return)">$INFO[Skin.String(Custom6HomeItem.Path)]</property>
			<property name="Item">Custom6</property>
			<property name="BGType">$INFO[Skin.String(Custom6HomeItem.BGType)]</property>
			<property name="Widget">$INFO[Skin.String(Custom6HomeItem.Widget)]</property>
			<property name="WidgetLabel">$INFO[Skin.String(Custom6HomeItem.WidgetLabel)]</property>
			<property name="WidgetType">$INFO[Skin.String(Custom6HomeItem.WidgetType)]</property>
			<property name="InfoLine">$INFO[Skin.String(Custom6HomeItem.InfoLine)]</property>
			<property name="submenuVisibility" fallback="x202">$INFO[Skin.String(Custom6HomeItem.SubMenu)]</property>
			<property name="Disable">$INFO[Skin.String(Custom6HomeItem.Disable)]</property>
		</item>
	</include>

	<include name="FallbackMenu">
		<content>
			<include condition="IsEmpty(Skin.String(PicturesHomeItem.Disable))">PicturesMainMenu</include>
			<include condition="IsEmpty(Skin.String(MusicHomeItem.Disable))">MusicMainMenu</include>
			<include condition="IsEmpty(Skin.String(MovieHomeItem.Disable))">MoviesMainMenu</include>
			<include condition="IsEmpty(Skin.String(TVShowHomeItem.Disable))">TVShowsMainMenu</include>
			<include condition="IsEmpty(Skin.String(LiveTVHomeItem.Disable))">TVMainMenu</include>
			<include condition="IsEmpty(Skin.String(Custom1HomeItem.Disable))">CustomMainMenuItem1</include>
			<include condition="IsEmpty(Skin.String(Custom2HomeItem.Disable))">CustomMainMenuItem2</include>
			<include condition="IsEmpty(Skin.String(Custom3HomeItem.Disable))">CustomMainMenuItem3</include>
			<include condition="IsEmpty(Skin.String(Custom4HomeItem.Disable))">CustomMainMenuItem4</include>
			<include condition="IsEmpty(Skin.String(Custom5HomeItem.Disable))">CustomMainMenuItem5</include>
			<!--<include condition="IsEmpty(Skin.String(Custom6HomeItem.Disable)) + !IsEmpty(Skin.String(Custom6HomeItem.Path))">CustomMainMenuItem6</include>-->
			<include condition="IsEmpty(Skin.String(Custom6HomeItem.Disable))">CustomMainMenuItem6</include>
			<include condition="IsEmpty(Skin.String(VideosHomeItem.Disable))">VideosMainMenu</include>
			<include condition="IsEmpty(Skin.String(ProgramsHomeItem.Disable))">ProgramsMainMenu</include>
			<include condition="IsEmpty(Skin.String(SettingsHomeItem.Disable)) + !IsEmpty(Skin.String(SettingsHomeItem.Path))">SettingsMainMenu</include>
			<include condition="IsEmpty(Skin.String(ShutdownHomeItem.Disable)) + !IsEmpty(Skin.String(ShutdownHomeItem.Path))">ShutdownMainMenu</include>
			<include condition="IsEmpty(Skin.String(FavoritesHomeItem.Disable)) + !IsEmpty(Skin.String(FavoritesHomeItem.Path))">FavoritesMainMenu</include>
			<include condition="IsEmpty(Skin.String(WeatherHomeItem.Disable)) + !IsEmpty(Skin.String(WeatherHomeItem.Path))">WeatherMainMenu</include>
			<include condition="IsEmpty(Skin.String(MusicVideoHomeItem.Disable)) + !IsEmpty(Skin.String(MusicVideoHomeItem.Path))">MusicVideosMainMenu</include>
		</content>
	</include>

	<!-- SubMenu -->
	<include name="HomeSubMenuVideos">
		<item>
			<label>342</label>
			<onclick>ActivateWindow(Videos,Movies,root)</onclick>
			<icon>-</icon>
			<thumb>-</thumb>
			<visible>Library.HasContent(Movies) + StringCompare(Container(9000).ListItem.Property(submenuVisibility),x2)</visible>
		</item>
		<item>
			<label>20343</label>
			<onclick>ActivateWindow(Videos,TvShows,root)</onclick>
			<icon>-</icon>
			<thumb>-</thumb>
			<visible>Library.HasContent(TVShows) + StringCompare(Container(9000).ListItem.Property(submenuVisibility),x2)</visible>
		</item>
		<item>
			<label>24001</label>
			<onclick>ActivateWindow(Videos,Addons,return)</onclick>
			<icon>-</icon>
			<thumb>-</thumb>
			<visible>StringCompare(Container(9000).ListItem.Property(submenuVisibility),x2)</visible>
		</item>
		<item>
			<label>744</label>
			<onclick>ActivateWindow(Videos,Files,return)</onclick>
			<icon>-</icon>
			<thumb>-</thumb>
			<visible>StringCompare(Container(9000).ListItem.Property(submenuVisibility),x2)</visible>
		</item>
		<item>
			<label>136</label>
			<onclick>ActivateWindow(Videos,Playlists,return)</onclick>
			<icon>-</icon>
			<thumb>-</thumb>
			<visible>StringCompare(Container(9000).ListItem.Property(submenuVisibility),x2)</visible>
		</item>
		<item>
			<label>14022</label>
			<onclick>ActivateWindow(Videos,Root)</onclick>
			<icon>-</icon>
			<thumb>-</thumb>
			<visible>Library.HasContent(Video) + StringCompare(Container(9000).ListItem.Property(submenuVisibility),x2)</visible>
		</item>
	</include>
	<include name="HomeSubMenuMovies">
		<item>
			<label>16101</label>
			<onclick>ActivateWindow(Videos,special://skin/extras/Unwatched.xsp,return)</onclick>
			<icon>-</icon>
			<thumb>-</thumb>
			<visible>StringCompare(Container(9000).ListItem.Property(submenuVisibility),x10)</visible>
		</item>
		<item>
			<label>575</label>
			<onclick>ActivateWindow(Videos,special://skin/extras/InProgress.xsp,return)</onclick>
			<icon>-</icon>
			<thumb>-</thumb>
			<visible>StringCompare(Container(9000).ListItem.Property(submenuVisibility),x10)</visible>
		</item>
		<item>
			<label>31328</label>
			<onclick>ActivateWindow(Videos,RecentlyAddedMovies,return)</onclick>
			<icon>-</icon>
			<thumb>-</thumb>
			<visible>StringCompare(Container(9000).ListItem.Property(submenuVisibility),x10)</visible>
		</item>
		<item>
			<label>20434</label>
			<onclick>ActivateWindow(Videos,MovieSets,return)</onclick>
			<icon>-</icon>
			<thumb>-</thumb>
			<visible>Library.HasContent(MovieSets) + StringCompare(Container(9000).ListItem.Property(submenuVisibility),x10)</visible>
		</item>
		<item>
			<label>135</label>
			<onclick>ActivateWindow(Videos,MovieGenres,return)</onclick>
			<icon>-</icon>
			<thumb>-</thumb>
			<visible>StringCompare(Container(9000).ListItem.Property(submenuVisibility),x10)</visible>
		</item>
		<item>
			<label>652</label>
			<onclick>ActivateWindow(Videos,MovieYears,return)</onclick>
			<icon>-</icon>
			<thumb>-</thumb>
			<visible>StringCompare(Container(9000).ListItem.Property(submenuVisibility),x10)</visible>
		</item>
		<item>
			<label>344</label>
			<onclick>ActivateWindow(Videos,MovieActors,return)</onclick>
			<icon>-</icon>
			<thumb>-</thumb>
			<visible>StringCompare(Container(9000).ListItem.Property(submenuVisibility),x10)</visible>
		</item>
		<item>
			<label>20459</label>
			<onclick>ActivateWindow(Videos,MovieTags,return)</onclick>
			<icon>-</icon>
			<thumb>-</thumb>
			<visible>StringCompare(Container(9000).ListItem.Property(submenuVisibility),x10)</visible>
		</item>
	</include>
	<include name="HomeSubMenuTVShows">
		<item>
			<label>369</label>
			<onclick>ActivateWindow(Videos,TVShowTitles,return)</onclick>
			<icon>-</icon>
			<thumb>-</thumb>
			<visible>StringCompare(Container(9000).ListItem.Property(submenuVisibility),x11) +!System.HasAddon(script.tv.show.next.aired)</visible>
		</item>
		<item>
			<label>$ADDON[script.tv.show.next.aired 32019]</label>
			<onclick>RunAddon(script.tv.show.next.aired,return)</onclick>
			<icon>-</icon>
			<thumb>-</thumb>
			<visible>StringCompare(Container(9000).ListItem.Property(submenuVisibility),x11) + System.HasAddon(script.tv.show.next.aired)</visible>
		</item>
		<item>
			<label>575</label>
			<onclick>ActivateWindow(Videos,library://video/inprogressshows.xml,return)</onclick>
			<icon>-</icon>
			<thumb>-</thumb>
			<visible>StringCompare(Container(9000).ListItem.Property(submenuVisibility),x11)</visible>
		</item>
		<item>
			<label>31328</label>
			<onclick>ActivateWindow(Videos,RecentlyAddedEpisodes,return)</onclick>
			<icon>-</icon>
			<thumb>-</thumb>
			<visible>StringCompare(Container(9000).ListItem.Property(submenuVisibility),x11)</visible>
		</item>
		<item>
			<label>135</label>
			<onclick>ActivateWindow(Videos,TVShowGenres,return)</onclick>
			<icon>-</icon>
			<thumb>-</thumb>
			<visible>StringCompare(Container(9000).ListItem.Property(submenuVisibility),x11)</visible>
		</item>
		<item>
			<label>652</label>
			<onclick>ActivateWindow(Videos,TvShowYears,return)</onclick>
			<icon>-</icon>
			<thumb>-</thumb>
			<visible>StringCompare(Container(9000).ListItem.Property(submenuVisibility),x11)</visible>
		</item>
		<item>
			<label>344</label>
			<onclick>ActivateWindow(Videos,TvShowActors,return)</onclick>
			<icon>-</icon>
			<thumb>-</thumb>
			<visible>StringCompare(Container(9000).ListItem.Property(submenuVisibility),x11)</visible>
		</item>
	</include>
	<include name="HomeSubMenuMusic">
		<item>
			<label>133</label>
			<onclick>ActivateWindow(MusicLibrary,Artists,return)</onclick>
			<icon>-</icon>
			<thumb>-</thumb>
			<visible>StringCompare(Container(9000).ListItem.Property(submenuVisibility),x3)</visible>
		</item>
		<item>
			<label>132</label>
			<onclick>ActivateWindow(MusicLibrary,Albums,return)</onclick>
			<icon>-</icon>
			<thumb>-</thumb>
			<visible>StringCompare(Container(9000).ListItem.Property(submenuVisibility),x3)</visible>
		</item>
		<item>
			<label>134</label>
			<onclick>ActivateWindow(MusicLibrary,Songs,return)</onclick>
			<icon>-</icon>
			<thumb>-</thumb>
			<visible>StringCompare(Container(9000).ListItem.Property(submenuVisibility),x3)</visible>
		</item>
		<item>
			<label>744</label>
			<onclick>ActivateWindow(MusicFiles)</onclick>
			<icon>-</icon>
			<thumb>-</thumb>
			<visible>StringCompare(Container(9000).ListItem.Property(submenuVisibility),x3)</visible>
		</item>
		<item>
			<label>14022</label>
			<onclick>ActivateWindow(MusicLibrary,root)</onclick>
			<icon>-</icon>
			<thumb>-</thumb>
			<visible>StringCompare(Container(9000).ListItem.Property(submenuVisibility),x3)</visible>
		</item>
		<item>
			<label>24001</label>
			<onclick>ActivateWindow(MusicLibrary,Addons,return)</onclick>
			<icon>-</icon>
			<thumb>-</thumb>
			<visible>StringCompare(Container(9000).ListItem.Property(submenuVisibility),x3)</visible>
		</item>
	</include>
	<include name="HomeSubMenuPrograms">
		<item>
			<label>20244</label>
			<onclick>ActivateWindow(Programs)</onclick>
			<icon>-</icon>
			<thumb>-</thumb>
			<visible>StringCompare(Container(9000).ListItem.Property(submenuVisibility),x1) + System.Platform(Android)</visible>
		</item>
		<item>
			<label>15016</label>
			<onclick>SetProperty(Progams.Games,True,home)</onclick>
			<onclick>RunAddon(plugin.program.advanced.launcher)</onclick>
			<icon>-</icon>
			<thumb>-</thumb>
			<visible>StringCompare(Container(9000).ListItem.Property(submenuVisibility),x1) + System.HasAddon(plugin.program.advanced.launcher)</visible>
		</item>
		<item>
			<label>1037</label>
			<onclick>ActivateWindow(Videos,Addons,return)</onclick>
			<icon>-</icon>
			<thumb>-</thumb>
			<visible>StringCompare(Container(9000).ListItem.Property(submenuVisibility),x1)</visible>
		</item>
		<item>
			<label>1038</label>
			<onclick condition="Library.HasContent(music)">ActivateWindow(Musiclibrary,Addons,return)</onclick>
			<onclick condition="!Library.HasContent(music)">ActivateWindow(Musicfiles,Addons,return)</onclick>
			<icon>-</icon>
			<thumb>-</thumb>
			<visible>StringCompare(Container(9000).ListItem.Property(submenuVisibility),x1)</visible>
		</item>
		<item>
			<label>1039</label>
			<onclick>ActivateWindow(Pictures,Addons,return)</onclick>
			<icon>-</icon>
			<thumb>-</thumb>
			<visible>StringCompare(Container(9000).ListItem.Property(submenuVisibility),x1)</visible>
		</item>
	</include>
	<include name="HomeSubMenuSettings">
		<item>
			<label>24001</label>
			<onclick>ActivateWindow(AddonBrowser)</onclick>
			<icon>-</icon>
			<thumb>-</thumb>
			<visible>StringCompare(Container(9000).ListItem.Property(submenuVisibility),x5)</visible>
		</item>
		<item>
			<label>20077</label>
			<onclick>ActivateWindow(SkinSettings)</onclick>
			<icon>-</icon>
			<thumb>-</thumb>
			<visible>StringCompare(Container(9000).ListItem.Property(submenuVisibility),x5)</visible>
		</item>
		<item>
			<label>7</label>
			<onclick>ActivateWindow(FileManager)</onclick>
			<icon>-</icon>
			<thumb>-</thumb>
			<visible>StringCompare(Container(9000).ListItem.Property(submenuVisibility),x5)</visible>
		</item>
		<item>
			<label>13200</label>
			<onclick>ActivateWindow(Profiles)</onclick>
			<icon>-</icon>
			<thumb>-</thumb>
			<visible>StringCompare(Container(9000).ListItem.Property(submenuVisibility),x5)</visible>
		</item>
		<item>
			<label>130</label>
			<onclick>ActivateWindow(SystemInfo)</onclick>
			<icon>-</icon>
			<thumb>-</thumb>
			<visible>StringCompare(Container(9000).ListItem.Property(submenuVisibility),x5)</visible>
		</item>
	</include>
	<include name="HomeSubMenuShutdown">
		<item>
			<label>$LOCALIZE[19040]</label>
			<onclick>AlarmClock(shutdowntimer,Shutdown())</onclick>
			<visible>System.CanPowerDown | System.CanSuspend | System.CanHibernate</visible>
			<visible>!System.HasAlarm(shutdowntimer)</visible>
			<visible>StringCompare(Container(9000).ListItem.Property(submenuVisibility),x6)</visible>
		</item>
		<item>
			<label>$LOCALIZE[222]</label>
			<onclick>CancelAlarm(shutdowntimer)</onclick>
			<visible>System.HasAlarm(shutdowntimer)</visible>
			<visible>StringCompare(Container(9000).ListItem.Property(submenuVisibility),x6)</visible>
		</item>
		<item>
			<label>test2</label>
			<onclick>Powerdown()</onclick>
			<visible>StringCompare(Container(9000).ListItem.Property(submenuVisibility),x6)</visible>
		</item>
		<item>
			<label>13013</label>
			<onclick>Reset()</onclick>
			<visible>StringCompare(Container(9000).ListItem.Property(submenuVisibility),x6)</visible>
		</item>
		<item>
			<label>13011</label>
			<onclick>Suspend()</onclick>
			<visible>StringCompare(Container(9000).ListItem.Property(submenuVisibility),x6)</visible>
		</item>
		<item>
			<label>13010</label>
			<onclick>Hibernate()</onclick>
			<visible>StringCompare(Container(9000).ListItem.Property(submenuVisibility),x6)</visible>
		</item>
		<item>
			<label>20126</label>
			<onclick>System.LogOff</onclick>
			<visible>StringCompare(Container(9000).ListItem.Property(submenuVisibility),x6)</visible>
		</item>
		<item>
			<label>13009</label>
			<onclick>Quit</onclick>
			<visible>StringCompare(Container(9000).ListItem.Property(submenuVisibility),x6)</visible>
		</item>
	</include>
	<include name="HomeSubMenuPictures">
		<item>
			<label>24001</label>
			<onclick>ActivateWindow(Pictures,Addons,return)</onclick>
			<icon>-</icon>
			<thumb>-</thumb>
			<visible>StringCompare(Container(9000).ListItem.Property(submenuVisibility),x4)</visible>
		</item>
	</include>
	<include name="HomeSubMenuLiveTV">
		<item>
			<label>19024</label>
			<onclick>ActivateWindowAndFocus(MyPVR, 33,0, 12,0)</onclick>
			<icon>-</icon>
			<thumb>-</thumb>
			<visible>StringCompare(Container(9000).ListItem.Property(submenuVisibility),x12)</visible>
		</item>
		<item>
			<label>19023</label>
			<onclick>ActivateWindowAndFocus(MyPVR, 33,0, 11,0)</onclick>
			<icon>-</icon>
			<thumb>-</thumb>
			<visible>StringCompare(Container(9000).ListItem.Property(submenuVisibility),x12)</visible>
		</item>
		<item>
			<label>19069</label>
			<onclick>ActivateWindowAndFocus(MyPVR, 31,0, 10,0)</onclick>
			<icon>-</icon>
			<thumb>-</thumb>
			<visible>StringCompare(Container(9000).ListItem.Property(submenuVisibility),x12)</visible>
		</item>
		<item>
			<label>19163</label>
			<onclick>ActivateWindowAndFocus(MyPVR, 34,0, 13,0)</onclick>
			<icon>-</icon>
			<thumb>-</thumb>
			<visible>StringCompare(Container(9000).ListItem.Property(submenuVisibility),x12)</visible>
		</item>
		<item>
			<label>19040</label>
			<onclick>ActivateWindowAndFocus(MyPVR, 35,0, 14,0)</onclick>
			<icon>-</icon>
			<thumb>-</thumb>
			<visible>StringCompare(Container(9000).ListItem.Property(submenuVisibility),x12)</visible>
		</item>
	</include>
	<include name="HomeSubMenuMusicVideos">
		<item>
			<label>133</label>
			<onclick>ActivateWindow(Videos,MusicVideoArtists,return)</onclick>
			<icon>-</icon>
			<thumb>-</thumb>
			<visible>StringCompare(Container(9000).ListItem.Property(submenuVisibility),x13)</visible>
		</item>
		<item>
			<label>135</label>
			<onclick>ActivateWindow(Videos,MusicVideoGenres,return)</onclick>
			<icon>-</icon>
			<thumb>-</thumb>
			<visible>StringCompare(Container(9000).ListItem.Property(submenuVisibility),x13)</visible>
		</item>
		<item>
			<label>31328</label>
			<onclick>ActivateWindow(Videos,RecentlyAddedMusicVideos,return)</onclick>
			<icon>-</icon>
			<thumb>-</thumb>
			<visible>StringCompare(Container(9000).ListItem.Property(submenuVisibility),x13)</visible>
		</item>
		<item>
			<label>652</label>
			<onclick>ActivateWindow(Videos,MusicVideoYears,return)</onclick>
			<icon>-</icon>
			<thumb>-</thumb>
			<visible>StringCompare(Container(9000).ListItem.Property(submenuVisibility),x13)</visible>
		</item>
		<item>
			<label>20459</label>
			<onclick>ActivateWindow(Videos,MusicVideoTags,return)</onclick>
			<icon>-</icon>
			<thumb>-</thumb>
			<visible>StringCompare(Container(9000).ListItem.Property(submenuVisibility),x13)</visible>
		</item>
	</include>
	<include name="FallbackSubMenu">
		<content>
			<include>HomeSubMenuVideos</include>
			<include>HomeSubMenuMovies</include>
			<include>HomeSubMenuTVShows</include>
			<include>HomeSubMenuMusic</include>
			<include>HomeSubMenuPrograms</include>
			<include>HomeSubMenuSettings</include>
			<include>HomeSubMenuShutdown</include>
			<include>HomeSubMenuPictures</include>
			<include>HomeSubMenuLiveTV</include>
			<include>HomeSubMenuMusicVideos</include>
		</content>
	</include>
	<include name="CustomSubMenu">
		<content>
			<include>skinshortcuts-submenu</include>
		</content>
	</include>
</includes>