<?xml version="1.0" encoding="UTF-8"?>
<addon
  id="skin.infinitytv"
  version="0.0.17"
  name="INFINITY TV"
  provider-name="INFINITY TV">
	<requires>
		<import addon="xbmc.gui" version="5.0.0"/>
		<import addon="script.grab.fanart" version="0.12.8"/>
		<import addon="script.skinshortcuts" version="0.2.4"/>
		<import addon="service.library.data.provider" version="0.0.1"/>
	</requires>
	<extension
	  point="xbmc.gui.skin"
	  defaultthemename="textures.xbt"
	  debugging="false"
	  effectslowdown="0.75">
		<res width="1920" height="1080" aspect="16:9" default="true" folder="1080i" />
	</extension>
	<extension point="xbmc.addon.metadata">
		<summary>INFINITY TV skin</summary>
		<description>INFINITY TV skin: Completely redesigned to create a modern look</description>
		<platform>all</platform>
	</extension>
</addon>
