<?xml version="1.0" encoding="utf-8"?>
<window>
	<defaultcontrol always="true">9000</defaultcontrol>
	<allowoverlay>no</allowoverlay>
	<onload>SetProperty(Window.HasSettings,True,home)</onload>
	<onload>RunScript(script.skinshortcuts,type=buildxml&amp;mainmenuID=9000&amp;group=x1|x2|x3|x4|x5|x6|x7|x8|x9|x10|x11|x12|x13|x101|x202|x303|x404|x50​5|x606)</onload>
	<onunload>ClearProperty(Window.HasSettings,Home)</onunload>
	<controls>
		<include>CommonBackground</include>
		<include condition="!Skin.HasSetting(Disable.Videoinfo)">NowPlayingVideoWidget</include>
		<include condition="!Skin.HasSetting(Disable.Musicinfo)">NowPlayingMusicWidget</include>
		<include>HomeRecentlyAddedInfo</include>
		<include>WeatherWidget</include>
		
		<!--<control type="image">
			<description>LOGO</description>
			<left>1600</left>
			<top>5</top>
			<width>270</width>
			<height>200</height>
			<aspectratio aligny="top" align="left">keep</aspectratio>
			<texture>infinity_logo1.png</texture>
			<include>VisibleFadeEffect</include>
		</control>-->
		
		

		<control type="group">
			<posy>424</posy>
			<control type="group">
				<!--<animation effect="slide" end="0,338" time="320" tween="cubic" easing="inout" condition="Skin.HasSetting(lowermainmenu)">Conditional</animation>-->
				<animation effect="slide" end="0,338" time="320" tween="cubic" easing="inout" condition="true">Conditional</animation>
				<animation effect="slide" end="-1920,0" time="240">WindowClose</animation>
				<animation effect="slide" start="-1920,0" end="0,0" delay="300" time="240" condition="!Window.Previous(startup)">WindowOpen</animation>
				<animation effect="slide" start="-1920" end="0" time="240">VisibleChange</animation>
				<animation effect="slide" start="-1920,0" end="0,0" delay="800" time="480" condition="Window.Previous(startup)">WindowOpen</animation>
				<control type="image">
					<width>1920</width>
					<height>87</height>
					<texture flipy="true">submenu_bar.png</texture>
				</control>
				<!--<control type="image">
					<posx>2000</posx>
					<width>90</width>
					<height>87</height>
					<texture flipx="true" flipy="true">submenu_end.png</texture>
				</control>-->
				<control type="label">
					<posx>0</posx>
					<posy>46</posy>
					<width>1780</width>
					<height>40</height>
					<label>$VAR[LibraryStatsVar]</label>
					<textoffsetx>15</textoffsetx>
					<font>font13_title</font>
					<textcolor>themecolor</textcolor>
					<shadowcolor>shadow</shadowcolor>
				</control>
				<control type="grouplist" id="9020">
					<posx>100</posx>
					<posy>46</posy>
					<width>1790</width>
					<height>41</height>
					<align>right</align>
					<orientation>horizontal</orientation>
					<onup condition="Control.IsVisible(9003)">9003</onup>
					<onup condition="!Control.IsVisible(9003)">9000</onup>
					<ondown>9000</ondown>
					<control type="button" id="9023">
						<width>94</width>
						<height>41</height>
						<label>$INFO[Weather.Temperature]</label>
						<font>font13_title</font>
						<textcolor>themecolor</textcolor>
						<visible>Weather.IsFetched + !IsEmpty(Weather.Plugin)</visible>
						<onclick>ActivateWindow(Weather)</onclick>
						<shadowcolor>shadow</shadowcolor>
					</control>
					<control type="button" id="91000">
						<label></label>
						<textoffsetx>0</textoffsetx>
						<width>59</width>
						<height>41</height>
						<align>center</align>
						<font>font13_title</font>
						<textcolor>grey</textcolor>
						<shadowcolor>shadow</shadowcolor>
						<texturefocus>skype.png</texturefocus>
						<texturenofocus>skypewhite.png</texturenofocus>
						<onclick>StartAndroidActivity(com.skype.raider)</onclick>
						<animation type="Visible">
							<effect type="fade" start="0" end="100" tween="sine" easing="inout" time="300" />
							<effect type="zoom" start="50" end="100" center="auto" tween="sine" easing="inout" time="300" />
						</animation>
						<animation type="Hidden">
							<effect type="fade" start="100" end="0" tween="sine" easing="inout" time="300" />
							<effect type="zoom" start="100" end="50" center="auto" tween="sine" easing="inout" time="300" />
						</animation>
					</control>
					<control type="label" id="902666">
						<width>5</width>
						<height>41</height>
						<label>   </label>
						<font>font13_title</font>
						<textcolor>themecolor</textcolor>
					</control>
					<control type="button" id="9027">
						<label></label>
						<textoffsetx>0</textoffsetx>
						<width>50</width>
						<height>41</height>
						<align>center</align>
						<font>IconTiny</font>
						<textcolor>grey</textcolor>
						<shadowcolor>shadow</shadowcolor>
						<visible>System.HasAddon(script.globalsearch)</visible>
						<onclick>RunAddon(script.globalsearch)</onclick>
						<animation type="Visible">
							<effect type="fade" start="0" end="100" tween="sine" easing="inout" time="300" />
							<effect type="zoom" start="50" end="100" center="auto" tween="sine" easing="inout" time="300" />
						</animation>
						<animation type="Hidden">
							<effect type="fade" start="100" end="0" tween="sine" easing="inout" time="300" />
							<effect type="zoom" start="100" end="50" center="auto" tween="sine" easing="inout" time="300" />
						</animation>
					</control>
					<!--<control type="label" id="91001">
						<width>5</width>
						<height>41</height>
						<label>-</label>
						<font>font13_title</font>
						<visible>System.HasAddon(script.globalsearch)</visible>
						<textcolor>themecolor</textcolor>
					</control>-->
					<!--<control type="button" id="910002">
						<label>Library</label>
						<textoffsetx>0</textoffsetx>
						<width>118</width>
						<height>41</height>
						<align>center</align>
						<font>font13_title</font>
						<textcolor>grey</textcolor>
						<shadowcolor>shadow</shadowcolor>
						<onclick>ActivateWindow(videolibrary)</onclick>
						<animation type="Visible">
							<effect type="fade" start="0" end="100" tween="sine" easing="inout" time="300" />
							<effect type="zoom" start="50" end="100" center="auto" tween="sine" easing="inout" time="300" />
						</animation>
						<animation type="Hidden">
							<effect type="fade" start="100" end="0" tween="sine" easing="inout" time="300" />
							<effect type="zoom" start="100" end="50" center="auto" tween="sine" easing="inout" time="300" />
						</animation>
					</control>-->
					<control type="button" id="9021">
						<label></label>
						<textoffsetx>0</textoffsetx>
						<width>50</width>
						<height>41</height>
						<align>center</align>
						<font>IconTiny</font>
						<textcolor>grey</textcolor>
						<shadowcolor>shadow</shadowcolor>
						<visible>System.HasMediaDVD</visible>
						<onclick>EjectTray()</onclick>
						<animation type="Visible">
							<effect type="fade" start="0" end="100" tween="sine" easing="inout" time="300" />
							<effect type="zoom" start="50" end="100" center="auto" tween="sine" easing="inout" time="300" />
						</animation>
						<animation type="Hidden">
							<effect type="fade" start="100" end="0" tween="sine" easing="inout" time="300" />
							<effect type="zoom" start="100" end="50" center="auto" tween="sine" easing="inout" time="300" />
						</animation>
					</control>
					<control type="button" id="9022">
						<label></label>
						<textoffsetx>0</textoffsetx>
						<width>50</width>
						<height>41</height>
						<align>center</align>
						<font>IconTiny</font>
						<textcolor>grey</textcolor>
						<shadowcolor>shadow</shadowcolor>
						<visible>System.HasMediaDVD</visible>
						<onclick>PlayDVD</onclick>
						<animation type="Visible">
							<effect type="fade" start="0" end="100" tween="sine" easing="inout" time="300" />
							<effect type="zoom" start="50" end="100" center="auto" tween="sine" easing="inout" time="300" />
						</animation>
						<animation type="Hidden">
							<effect type="fade" start="100" end="0" tween="sine" easing="inout" time="300" />
							<effect type="zoom" start="100" end="50" center="auto" tween="sine" easing="inout" time="300" />
						</animation>
					</control>
					<!--<control type="label" id="9026">
						<width>5</width>
						<height>41</height>
						<label>-</label>
						<font>font13_title</font>
						<textcolor>themecolor</textcolor>
					</control>-->
					<control type="label" id="90239">
						<width>auto</width>
						<height>41</height>
						<label>[COLOR grey]|  [/COLOR]</label>
						<font>font13_title</font>
						<textcolor>themecolor</textcolor>
						<visible>true</visible>
						<shadowcolor>shadow</shadowcolor>
					</control>
					<control type="label" id="9023">
						<width>auto</width>
						<height>41</height>
						<label>[COLOR white]INFINITY[/COLOR] [COLOR blue]TV - [/COLOR]</label>
						<font>font13_title</font>
						<shadowcolor>shadow</shadowcolor>
					</control>
					<control type="label" id="9025">
						<width>auto</width>
						<height>41</height>
						<label>$INFO[System.Date,[COLOR grey],  |  [/COLOR]]$INFO[System.Time]</label>
						<font>font13_title</font>
						<textcolor>themecolor</textcolor>
						<shadowcolor>shadow</shadowcolor>
					</control>
				</control>
			</control>
		</control>

		<include>RSSFeedWidget</include>
		<include condition="system.getbool(lookandfeel.enablerssfeeds) + !Skin.HasSetting(Detach.RSS)">RSSFeedWidget2</include>

		<control type="group">
			<posy>453</posy>
			<animation effect="slide" end="0,338" time="320" tween="cubic" easing="inout" condition="Skin.HasSetting(lowermainmenu)">Conditional</animation>
			<animation effect="slide" end="0,338" time="320" tween="cubic" easing="inout" condition="true">Conditional</animation>
			<animation type="WindowOpen" reversible="false">
				<effect type="zoom" start="80" end="100" center="960,540" easing="out" tween="back" time="300" />
				<effect type="fade" start="0" end="100" time="300" />
			</animation>
			<animation type="WindowClose" reversible="false">
				<effect type="zoom" start="100" end="80" center="960,540" easing="in" tween="back" time="300" />
				<effect type="fade" start="100" end="0" time="300" />
			</animation>
			<control type="group" id="9001">
				<posx>0</posx>
				<posy>159</posy>
				<onup>9000</onup>
				<ondown>9002</ondown>
				<!--<include condition="system.getbool(lookandfeel.enablerssfeeds)">SubMenuAnimation</include>-->
				<animation effect="slide" start="1870,0" end="0,0" delay="300" time="240" condition="!window.previous(startup)">WindowOpen</animation>
				<animation effect="slide" start="1870,0" end="0,0" delay="800" time="480" condition="window.previous(startup)">WindowOpen</animation>
				<!--<control type="image" id="90101">
					<posx>-90</posx>
					<width>90</width>
					<height>87</height>
					<texture>submenu_end.png</texture>
				</control>-->
				<control type="image">
					<posx>0</posx>
					<width>1920</width>
					<height>87</height>
					<texture>submenu_bar.png</texture>
				</control>
				<control type="fixedlist" id="9010">
					<posx>210</posx>
					<posy>0</posy>
					<width>1500</width>
					<height>87</height>
					<align>center</align>
					<onup>9000</onup>
					<ondown>9004</ondown>
					<pagecontrol>-</pagecontrol>
					<scrolltime tween="quadratic" easing="out">300</scrolltime>
					<focusposition>2</focusposition>
					<movement>2</movement>
					<orientation>Horizontal</orientation>
					<itemlayout height="87" width="300">
						<control type="label">
							<posx>150</posx>
							<posy>0</posy>
							<width>300</width>
							<height>41</height>
							<font>font13_title</font>
							<textcolor>grey</textcolor>
							<shadowcolor>shadow</shadowcolor>
							<align>center</align>
							<aligny>center</aligny>
							<label>$INFO[ListItem.Label]</label>
						</control>
					</itemlayout>
					<focusedlayout height="87" width="300">
						<control type="group">
							<visible>Control.HasFocus(9010)</visible>
							<control type="image">
								<posy>0</posy>
								<width>300</width>
								<height>41</height>
								<texture>listselect_fo.png</texture>
							</control>
							<control type="label">
								<posx>150</posx>
								<posy>0</posy>
								<width>300</width>
								<height>41</height>
								<font>font13_title</font>
								<shadowcolor>shadow</shadowcolor>
								<align>center</align>
								<aligny>center</aligny>
								<label>$INFO[ListItem.Label]</label>
							</control>
						</control>
						<control type="group">
							<visible>!Control.HasFocus(9010)</visible>
							<control type="label">
								<posx>150</posx>
								<posy>0</posy>
								<width>300</width>
								<height>41</height>
								<font>font13_title</font>
								<textcolor>grey</textcolor>
								<shadowcolor>shadow</shadowcolor>
								<align>center</align>
								<aligny>center</aligny>
								<label>$INFO[ListItem.Label]</label>
							</control>
						</control>
					</focusedlayout>
					<include condition="!System.HasAddon(script.skinshortcuts)">FallbackSubMenu</include>
					<include condition="System.HasAddon(script.skinshortcuts)">CustomSubMenu</include>
				</control>
				<control type="button">
					<posx>130</posx>
					<posy>6</posy>
					<width>30</width>
					<height>30</height>
					<texturefocus flipx="true" colordiffuse="white">arrowright.png</texturefocus>
					<texturenofocus flipx="true">arrowright.png</texturenofocus>
					<visible>Container(9010).HasPrevious</visible>
					<onclick>Control.Move(9010,-1)</onclick>
				</control>
				<control type="button">
					<posx>1800</posx>
					<posy>6</posy>
					<width>30</width>
					<height>30</height>
					<texturefocus colordiffuse="white">arrowright.png</texturefocus>
					<texturenofocus>arrowright.png</texturenofocus>
					<visible>Container(9010).HasNext</visible>
					<onclick>Control.Move(9010,1)</onclick>
				</control>
			</control>
			<control type="image">
				<posy>0</posy>
				<width>1920</width>
				<height>225</height>
				<texture>homemenu_back.png</texture>
			</control>

			<!-- Main Menu (Includes_Home.xml) -->
			<include condition="Skin.HasSetting(HorizontalListNav)">MainMenuListFixed</include>
			<include condition="!Skin.HasSetting(HorizontalListNav)">MainMenuListWrapped</include>

			<!--<control type="group">
				<visible>IsEmpty(Container(9000).ListItem.Label)</visible>
				<posx>912</posx>
				<posy>64</posy>
				<control type="image">
					<description>Busy animation</description>
					<width>96</width>
					<height>96</height>
					<texture>android/spinner_48_inner_holo.png</texture>
					<aspectratio>keep</aspectratio>
					<animation effect="rotate" start="0" end="360" center="auto" time="2000" loop="true" condition="true">conditional</animation>
				</control>
				<control type="image">
					<description>Busy animation</description>
					<width>96</width>
					<height>96</height>
					<texture>android/spinner_48_outer_holo.png</texture>
					<aspectratio>keep</aspectratio>
					<animation effect="rotate" start="360" end="0" center="auto" time="2000" loop="true" condition="true">conditional</animation>
				</control>
			</control>-->
			<control type="label">
				<posx>0</posx>
				<posy>17</posy>
				<width>1920</width>
				<height>41</height>
				<font>font13_title</font>
				<textcolor>grey</textcolor>
				<align>center</align>
				<aligny>center</aligny>
				<label>[UPPERCASE]$INFO[Container(9000).ListItem.Label][/UPPERCASE]</label>
				<visible>Skin.HasSetting(mainmenuicons)</visible>
			</control>
			<control type="image">
				<posx>0</posx>
				<posy>58</posy>
				<width>100</width>
				<height>104</height>
				<texture border="1">side_fade.png</texture>
			</control>
			<control type="image">
				<posx>1820</posx>
				<posy>58</posy>
				<width>100</width>
				<height>104</height>
				<texture flipx="true" border="1">side_fade.png</texture>
			</control>
			<control type="image">
				<posy>90</posy>
				<width>1920</width>
				<height>72</height>
				<texture border="1">gradient_floor.png</texture>
			</control>
		</control>

	</controls>
</window>
