<?xml version="1.0" encoding="UTF-8" standalone="yes"?>
<addon id="script.specto.media" version="2017.07.07" name="Specto Themepak" provider-name="mrknow" >
	<requires>
		<import addon="xbmc.python" version="2.14.0"/>
	</requires>
	<extension point="xbmc.python.script" library="default.py">
		<provides>executable</provides>
	</extension>
	<extension point="xbmc.addon.metadata">
		<summary>Themes for Specto</summary>
		<description>Themes for Specto.</description>
		<platform>all</platform>
	</extension>
</addon>
