<?xml version="1.0" encoding="UTF-8"?>
<window id="6668">
    <defaultcontrol always="true">9000</defaultcontrol>
	<onunload>RunScript(script.skinshortcuts,type=buildxml&amp;mainmenuID=9000&amp;group=X1|X2|X3|X4|X5|X6|X7|X8|X9|X10|X11|X12|X13|X101|X202|X303|X404|X50​5|X606)</onunload>
    <controls>
		<include>CommonBackground</include>
		<include>Topbar</include>
		<control type="group">
			<posx>0</posx>
			<posy>128</posy>
			<include>Window_OpenClose_Animation</include>
			<include>SystemLeftPanel</include>
			<control type="panel" id="9000">
				<posx>82</posx>
				<posy>32</posy>
				<width>356</width>
				<height>840</height>
				<onleft>9010</onleft>
				<onright>9010</onright>
				<onup>9000</onup>
				<ondown>9000</ondown>
				<pagecontrol>-</pagecontrol>
				<scrolltime tween="quadratic" easing="out">200</scrolltime>
				<visible>!Window.IsActive(1121)</visible>
				<include>SettingsFadeEffect</include>
				<itemlayout height="90" width="356">
					<control type="image">
						<posy>30</posy>
						<width>356</width>
						<height>60</height>
						<texture border="1">separator2.png</texture>
					</control>
					<control type="label">
						<posx>356</posx>
						<posy>0</posy>
						<width>356</width>
						<height>90</height>
						<font>font15</font>
						<textoffsetx>20</textoffsetx>
						<textcolor>grey2</textcolor>
						<selectedcolor>selected</selectedcolor>
						<align>right</align>
						<aligny>center</aligny>
						<label>$INFO[ListItem.Label]</label>
					</control>
				</itemlayout>
				<focusedlayout height="90" width="356">
					<control type="image">
						<posy>30</posy>
						<width>356</width>
						<height>60</height>
						<texture border="1">separator2.png</texture>
					</control>
					<control type="image">
						<posx>0</posx>
						<posy>0</posy>
						<width>356</width>
						<height>90</height>
						<texture border="4">listselect_fo.png</texture>
						<visible>Control.HasFocus(9000)</visible>
						<include>VisibleFadeEffect</include>
					</control>
					<control type="label">
						<posx>356</posx>
						<posy>0</posy>
						<width>356</width>
						<height>90</height>
						<font>font15</font>
						<textoffsetx>20</textoffsetx>
						<textcolor>white</textcolor>
						<selectedcolor>selected</selectedcolor>
						<align>right</align>
						<aligny>center</aligny>
						<label>$INFO[ListItem.Label]</label>
						<animation effect="fade" start="100" end="70" time="300" tween="sine" easing="inout" condition="!Control.HasFocus(9000)">Conditional</animation>
					</control>
				</focusedlayout>
				<content>
					<item id="1">
						<label>01-WELCOME</label>
						<onclick>noop</onclick>
						<icon>-</icon>
					</item>
					<item id="2">
						<label>02-NAVIGATING</label>
						<onclick>noop</onclick>
						<icon>-</icon>
					</item>
					<item id="3">
						<label>03-SELECT A PROGRAM</label>
						<onclick>noop</onclick>
						<icon>-</icon>
					</item>
					<item id="4">
						<label>04-SELECT A STREAM</label>
						<onclick>noop</onclick>
						<icon>-</icon>
					</item>
					<item id="5">
						<label>05-SET PARENTAL CONTROLS</label>
						<onclick>noop</onclick>
						<icon>-</icon>
					</item>
					<item id="6">
						<label>06-TURN ON OR OFF SUBTITLES</label>
						<onclick>noop</onclick>
						<icon>-</icon>
					</item>
					<item id="7">
						<label>07-AUDIO SYNC</label>
						<onclick>noop</onclick>
						<icon>-</icon>
					</item>
					<item id="8">
						<label>08-VIDEO & PHOTO STREAMING</label>
						<onclick>noop</onclick>
						<icon>-</icon>
					</item>
					<item id="9">
						<label>09-BOOKMARKS VS FAVOURITES</label>
						<onclick>noop</onclick>
						<icon>-</icon>
					</item>
					<item id="10">
						<label>10-INFINITY TV EXTRAS</label>
						<onclick>noop</onclick>
						<icon>-</icon>
					</item>
					<item id="11">
						<label>11-CLEARING YOUR CACHE</label>
						<onclick>noop</onclick>
						<icon>-</icon>
					</item>
					<item id="12">
						<label>12-SOFT RESET</label>
						<onclick>noop</onclick>
						<icon>-</icon>
					</item>
					<item id="13">
						<label>13-WHAT IS A FACTORY RESET</label>
						<onclick>noop</onclick>
						<icon>-</icon>
					</item>
					<item id="14">
						<label>14-STREAM UNAVAILABLE</label>
						<onclick>noop</onclick>
						<icon>-</icon>
					</item>
					<item id="15">
						<label>15-BANDWIDTH</label>
						<onclick>noop</onclick>
						<icon>-</icon>
					</item>
					<item id="16">
						<label>16-SUBTILTES WON'T TURN OFF</label>
						<onclick>noop</onclick>
						<icon>-</icon>
					</item>
					<item id="17">
						<label>17-HOW TO ADD MY FAVOURITE APP</label>
						<onclick>noop</onclick>
						<icon>-</icon>
					</item>
					<item id="18">
						<label>18-WHAT'S IN THE BOX</label>
						<onclick>noop</onclick>
						<icon>-</icon>
					</item>
					<item id="19">
						<label>19-SAFETY WARNING</label>
						<onclick>noop</onclick>
						<icon>-</icon>
					</item>
					<item id="20">
						<label>20-DISCLAIMER</label>
						<onclick>noop</onclick>
						<icon>-</icon>
					</item>
				</content>
			</control>
			<!--<control type="label">
				<description>LOGO</description>
				<posx>115</posx>
				<posy>752</posy>
				<width>300</width>
				<height>50</height>
				<aspectratio>keep</aspectratio>
				<align>center</align>
				<aligny>center</aligny>
				<label>[COLOR white]INFINITY[/COLOR] [COLOR blue]TV[/COLOR]</label>
				<font>font35_title</font>
				<shadowcolor>shadow</shadowcolor>
			</control>-->
			<include>SystemRightPanel</include>
			<control type="image">
				<description>separator image</description>
				<posx>522</posx>
				<posy>692</posy>
				<width>1316</width>
				<height>60</height>
				<texture border="1">separator2.png</texture>
			</control>
			<control type="group" id="9010">
				<visible>!Window.IsActive(1121)</visible>
				<include>SettingsFadeEffect</include>
				<control type="grouplist" id="9001">
					<description>Welcome</description>
					<posx>522</posx>
					<posy>32</posy>
					<width>1300</width>
					<height>820</height>
					<itemgap>0</itemgap>
					<pagecontrol>60</pagecontrol>
					<onleft>9000</onleft>
					<onright>60</onright>
					<onup>9000</onup>
					<ondown>9001</ondown>
					<visible>Container(9000).HasFocus(1)</visible>
					<control type="button" id="100">
						<description>manual</description>
						<width>1200</width>
						<height>820</height>
						<textoffsetx>30</textoffsetx>
						<texturenofocus border="1">itv_manual/01-WELCOME TO INFINITY TV_Page_1.jpg</texturenofocus>
						<texturefocus border="1">itv_manual/01-WELCOME TO INFINITY TV_Page_1.jpg</texturefocus>
					</control>
					<control type="button" id="101">
						<description>manual</description>
						<width>1200</width>
						<height>820</height>
						<textoffsetx>30</textoffsetx>
						<texturenofocus border="1">itv_manual/01-WELCOME TO INFINITY TV_Page_2.jpg</texturenofocus>
						<texturefocus border="1">itv_manual/01-WELCOME TO INFINITY TV_Page_2.jpg</texturefocus>
					</control>
					<control type="button" id="102">
						<description>manual</description>
						<width>1200</width>
						<height>820</height>
						<textoffsetx>30</textoffsetx>
						<texturenofocus border="1">itv_manual/01-WELCOME TO INFINITY TV_Page_3.jpg</texturenofocus>
						<texturefocus border="1">itv_manual/01-WELCOME TO INFINITY TV_Page_3.jpg</texturefocus>
					</control>
				</control>
				<control type="grouplist" id="9002">
					<description>control area</description>
					<posx>522</posx>
					<posy>32</posy>
					<width>1300</width>
					<height>820</height>
					<itemgap>0</itemgap>
					<pagecontrol>60</pagecontrol>
					<onleft>9000</onleft>
					<onright>60</onright>
					<onup>9002</onup>
					<ondown>9002</ondown>
					<visible>Container(9000).HasFocus(2)</visible>
					<control type="button" id="200">
						<description>manual</description>
						<width>1200</width>
						<height>820</height>
						<textoffsetx>30</textoffsetx>
						<texturenofocus border="1">itv_manual/02-NAVIGATING INFINITY TV_Page_01.jpg</texturenofocus>
						<texturefocus border="1">itv_manual/02-NAVIGATING INFINITY TV_Page_01.jpg</texturefocus>
					</control>
					<control type="button" id="201">
						<description>manual</description>
						<width>1200</width>
						<height>820</height>
						<textoffsetx>30</textoffsetx>
						<texturenofocus border="1">itv_manual/02-NAVIGATING INFINITY TV_Page_02.jpg</texturenofocus>
						<texturefocus border="1">itv_manual/02-NAVIGATING INFINITY TV_Page_02.jpg</texturefocus>
					</control>
					<control type="button" id="203">
						<description>manual</description>
						<width>1200</width>
						<height>820</height>
						<textoffsetx>30</textoffsetx>
						<texturenofocus border="1">itv_manual/02-NAVIGATING INFINITY TV_Page_03.jpg</texturenofocus>
						<texturefocus border="1">itv_manual/02-NAVIGATING INFINITY TV_Page_03.jpg</texturefocus>
					</control>
					<control type="button" id="204">
						<description>manual</description>
						<width>1200</width>
						<height>820</height>
						<textoffsetx>30</textoffsetx>
						<texturenofocus border="1">itv_manual/02-NAVIGATING INFINITY TV_Page_04.jpg</texturenofocus>
						<texturefocus border="1">itv_manual/02-NAVIGATING INFINITY TV_Page_04.jpg</texturefocus>
					</control>
					<control type="button" id="205">
						<description>manual</description>
						<width>1200</width>
						<height>820</height>
						<textoffsetx>30</textoffsetx>
						<texturenofocus border="1">itv_manual/02-NAVIGATING INFINITY TV_Page_05.jpg</texturenofocus>
						<texturefocus border="1">itv_manual/02-NAVIGATING INFINITY TV_Page_05.jpg</texturefocus>
					</control>
					<control type="button" id="206">
						<description>manual</description>
						<width>1200</width>
						<height>820</height>
						<textoffsetx>30</textoffsetx>
						<texturenofocus border="1">itv_manual/02-NAVIGATING INFINITY TV_Page_06.jpg</texturenofocus>
						<texturefocus border="1">itv_manual/02-NAVIGATING INFINITY TV_Page_06.jpg</texturefocus>
					</control>
					<control type="button" id="207">
						<description>manual</description>
						<width>1200</width>
						<height>820</height>
						<textoffsetx>30</textoffsetx>
						<texturenofocus border="1">itv_manual/02-NAVIGATING INFINITY TV_Page_07.jpg</texturenofocus>
						<texturefocus border="1">itv_manual/02-NAVIGATING INFINITY TV_Page_07.jpg</texturefocus>
					</control>
					<control type="button" id="208">
						<description>manual</description>
						<width>1200</width>
						<height>820</height>
						<textoffsetx>30</textoffsetx>
						<texturenofocus border="1">itv_manual/02-NAVIGATING INFINITY TV_Page_08.jpg</texturenofocus>
						<texturefocus border="1">itv_manual/02-NAVIGATING INFINITY TV_Page_08.jpg</texturefocus>
					</control>
					<control type="button" id="209">
						<description>manual</description>
						<width>1200</width>
						<height>820</height>
						<textoffsetx>30</textoffsetx>
						<texturenofocus border="1">itv_manual/02-NAVIGATING INFINITY TV_Page_09.jpg</texturenofocus>
						<texturefocus border="1">itv_manual/02-NAVIGATING INFINITY TV_Page_09.jpg</texturefocus>
					</control>
					<control type="button" id="210">
						<description>manual</description>
						<width>1200</width>
						<height>820</height>
						<textoffsetx>30</textoffsetx>
						<texturenofocus border="1">itv_manual/02-NAVIGATING INFINITY TV_Page_10.jpg</texturenofocus>
						<texturefocus border="1">itv_manual/02-NAVIGATING INFINITY TV_Page_10.jpg</texturefocus>
					</control>
					<control type="button" id="211">
						<description>manual</description>
						<width>1200</width>
						<height>820</height>
						<textoffsetx>30</textoffsetx>
						<texturenofocus border="1">itv_manual/02-NAVIGATING INFINITY TV_Page_11.jpg</texturenofocus>
						<texturefocus border="1">itv_manual/02-NAVIGATING INFINITY TV_Page_11.jpg</texturefocus>
					</control>
				</control>
				<control type="grouplist" id="9003">
					<description>control area</description>
					<posx>522</posx>
					<posy>32</posy>
					<width>1300</width>
					<height>820</height>
					<itemgap>0</itemgap>
					<pagecontrol>60</pagecontrol>
					<onleft>9000</onleft>
					<onright>60</onright>
					<onup>9003</onup>
					<ondown>9003</ondown>
					<visible>Container(9000).HasFocus(3)</visible>
					<control type="button" id="300">
						<description>manual</description>
						<width>1200</width>
						<height>820</height>
						<textoffsetx>30</textoffsetx>
						<texturenofocus border="1">itv_manual/03-Select a Program.jpg</texturenofocus>
						<texturefocus border="1">itv_manual/03-Select a Program.jpg</texturefocus>
					</control>
				</control>
				<control type="grouplist" id="9004">
					<description>control area</description>
					<posx>522</posx>
					<posy>32</posy>
					<width>1300</width>
					<height>820</height>
					<itemgap>0</itemgap>
					<pagecontrol>60</pagecontrol>
					<onleft>9000</onleft>
					<onright>60</onright>
					<onup>9004</onup>
					<ondown>9004</ondown>
					<visible>Container(9000).HasFocus(4)</visible>
					<control type="button" id="400">
						<description>manual</description>
						<width>1200</width>
						<height>820</height>
						<textoffsetx>30</textoffsetx>
						<texturenofocus border="1">itv_manual/04-Select a Stream_Page_1.jpg</texturenofocus>
						<texturefocus border="1">itv_manual/04-Select a Stream_Page_1.jpg</texturefocus>
					</control>
					<control type="button" id="401">
						<description>manual</description>
						<width>1200</width>
						<height>820</height>
						<textoffsetx>30</textoffsetx>
						<texturenofocus border="1">itv_manual/04-Select a Stream_Page_2.jpg</texturenofocus>
						<texturefocus border="1">itv_manual/04-Select a Stream_Page_2.jpg</texturefocus>
					</control>
					<control type="button" id="402">
						<description>manual</description>
						<width>1200</width>
						<height>820</height>
						<textoffsetx>30</textoffsetx>
						<texturenofocus border="1">itv_manual/04-Select a Stream_Page_3.jpg</texturenofocus>
						<texturefocus border="1">itv_manual/04-Select a Stream_Page_3.jpg</texturefocus>
					</control>
					<control type="button" id="403">
						<description>manual</description>
						<width>1200</width>
						<height>820</height>
						<textoffsetx>30</textoffsetx>
						<texturenofocus border="1">itv_manual/04-Select a Stream_Page_4.jpg</texturenofocus>
						<texturefocus border="1">itv_manual/04-Select a Stream_Page_4.jpg</texturefocus>
					</control>
				</control>
				<control type="grouplist" id="9005">
					<description>control area</description>
					<posx>522</posx>
					<posy>32</posy>
					<width>1300</width>
					<height>820</height>
					<itemgap>0</itemgap>
					<pagecontrol>60</pagecontrol>
					<onleft>9000</onleft>
					<onright>60</onright>
					<onup>9005</onup>
					<ondown>9005</ondown>
					<visible>Container(9000).HasFocus(5)</visible>
					<control type="button" id="500">
						<description>manual</description>
						<width>1200</width>
						<height>820</height>
						<textoffsetx>30</textoffsetx>
						<texturenofocus border="1">itv_manual/05-Set Parental Controls_Page_1.jpg</texturenofocus>
						<texturefocus border="1">itv_manual/05-Set Parental Controls_Page_1.jpg</texturefocus>
					</control>
					<control type="button" id="501">
						<description>manual</description>
						<width>1200</width>
						<height>820</height>
						<textoffsetx>30</textoffsetx>
						<texturenofocus border="1">itv_manual/05-Set Parental Controls_Page_2.jpg</texturenofocus>
						<texturefocus border="1">itv_manual/05-Set Parental Controls_Page_2.jpg</texturefocus>
					</control>
				</control>
				<control type="grouplist" id="9006">
					<description>control area</description>
					<posx>522</posx>
					<posy>32</posy>
					<width>1300</width>
					<height>820</height>
					<itemgap>0</itemgap>
					<pagecontrol>60</pagecontrol>
					<onleft>9000</onleft>
					<onright>60</onright>
					<onup>9006</onup>
					<ondown>9006</ondown>
					<visible>Container(9000).HasFocus(6)</visible>
					<control type="button" id="600">
						<description>manual</description>
						<width>1200</width>
						<height>820</height>
						<textoffsetx>30</textoffsetx>
						<texturenofocus border="1">itv_manual/06-Turn On OR Off Subtitles.jpg</texturenofocus>
						<texturefocus border="1">itv_manual/06-Turn On OR Off Subtitles.jpg</texturefocus>
					</control>
				</control>
				<control type="grouplist" id="9007">
					<description>control area</description>
					<posx>522</posx>
					<posy>32</posy>
					<width>1300</width>
					<height>820</height>
					<itemgap>0</itemgap>
					<pagecontrol>60</pagecontrol>
					<onleft>9000</onleft>
					<onright>60</onright>
					<onup>9007</onup>
					<ondown>9007</ondown>
					<visible>Container(9000).HasFocus(7)</visible>
					<control type="button" id="700">
						<description>manual</description>
						<width>1200</width>
						<height>820</height>
						<textoffsetx>30</textoffsetx>
						<texturenofocus border="1">itv_manual/07-Audio Sync_Page_1.jpg</texturenofocus>
						<texturefocus border="1">itv_manual/07-Audio Sync_Page_1.jpg</texturefocus>
					</control>
					<control type="button" id="701">
						<description>manual</description>
						<width>1200</width>
						<height>820</height>
						<textoffsetx>30</textoffsetx>
						<texturenofocus border="1">itv_manual/07-Audio Sync_Page_2.jpg</texturenofocus>
						<texturefocus border="1">itv_manual/07-Audio Sync_Page_2.jpg</texturefocus>
					</control>
				</control>
				<control type="grouplist" id="9008">
					<description>control area</description>
					<posx>522</posx>
					<posy>32</posy>
					<width>1300</width>
					<height>820</height>
					<itemgap>0</itemgap>
					<pagecontrol>60</pagecontrol>
					<onleft>9000</onleft>
					<onright>60</onright>
					<onup>9008</onup>
					<ondown>9008</ondown>
					<visible>Container(9000).HasFocus(8)</visible>
					<control type="button" id="800">
						<description>manual</description>
						<width>1200</width>
						<height>820</height>
						<textoffsetx>30</textoffsetx>
						<texturenofocus border="1">itv_manual/08-Video & Photo Streaming_Page_1.jpg</texturenofocus>
						<texturefocus border="1">itv_manual/08-Video & Photo Streaming_Page_1.jpg</texturefocus>
					</control>
					<control type="button" id="801">
						<description>manual</description>
						<width>1200</width>
						<height>820</height>
						<textoffsetx>30</textoffsetx>
						<texturenofocus border="1">itv_manual/08-Video & Photo Streaming_Page_2.jpg</texturenofocus>
						<texturefocus border="1">itv_manual/08-Video & Photo Streaming_Page_2.jpg</texturefocus>
					</control>
				</control>
				<control type="grouplist" id="9009">
					<description>control area</description>
					<posx>522</posx>
					<posy>32</posy>
					<width>1300</width>
					<height>820</height>
					<itemgap>0</itemgap>
					<pagecontrol>60</pagecontrol>
					<onleft>9000</onleft>
					<onright>60</onright>
					<onup>9009</onup>
					<ondown>9009</ondown>
					<visible>Container(9000).HasFocus(9)</visible>
					<control type="button" id="900">
						<description>manual</description>
						<width>1200</width>
						<height>820</height>
						<textoffsetx>30</textoffsetx>
						<texturenofocus border="1">itv_manual/09-BookmarksvsFavourites_Page_1.jpg</texturenofocus>
						<texturefocus border="1">itv_manual/09-BookmarksvsFavourites_Page_1.jpg</texturefocus>
					</control>
					<control type="button" id="901">
						<description>manual</description>
						<width>1200</width>
						<height>820</height>
						<textoffsetx>30</textoffsetx>
						<texturenofocus border="1">itv_manual/09-BookmarksvsFavourites_Page_2.jpg</texturenofocus>
						<texturefocus border="1">itv_manual/09-BookmarksvsFavourites_Page_2.jpg</texturefocus>
					</control>
					<control type="button" id="902">
						<description>manual</description>
						<width>1200</width>
						<height>820</height>
						<textoffsetx>30</textoffsetx>
						<texturenofocus border="1">itv_manual/09-BookmarksvsFavourites_Page_3.jpg</texturenofocus>
						<texturefocus border="1">itv_manual/09-BookmarksvsFavourites_Page_3.jpg</texturefocus>
					</control>
				</control>
				<control type="grouplist" id="9010">
					<description>control area</description>
					<posx>522</posx>
					<posy>32</posy>
					<width>1300</width>
					<height>820</height>
					<itemgap>0</itemgap>
					<pagecontrol>60</pagecontrol>
					<onleft>9000</onleft>
					<onright>60</onright>
					<onup>9010</onup>
					<ondown>9010</ondown>
					<visible>Container(9000).HasFocus(10)</visible>
					<control type="button" id="1000">
						<description>manual</description>
						<width>1200</width>
						<height>820</height>
						<textoffsetx>30</textoffsetx>
						<texturenofocus border="1">itv_manual/10-Infinity TV Extras_Page_1.jpg</texturenofocus>
						<texturefocus border="1">itv_manual/10-Infinity TV Extras_Page_1.jpg</texturefocus>
					</control>
					<control type="button" id="1001">
						<description>manual</description>
						<width>1200</width>
						<height>820</height>
						<textoffsetx>30</textoffsetx>
						<texturenofocus border="1">itv_manual/10-Infinity TV Extras_Page_2.jpg</texturenofocus>
						<texturefocus border="1">itv_manual/10-Infinity TV Extras_Page_2.jpg</texturefocus>
					</control>
					<control type="button" id="1002">
						<description>manual</description>
						<width>1200</width>
						<height>820</height>
						<textoffsetx>30</textoffsetx>
						<texturenofocus border="1">itv_manual/10-Infinity TV Extras_Page_3.jpg</texturenofocus>
						<texturefocus border="1">itv_manual/10-Infinity TV Extras_Page_3.jpg</texturefocus>
					</control>
				</control>
				<control type="grouplist" id="9011">
					<description>control area</description>
					<posx>522</posx>
					<posy>32</posy>
					<width>1300</width>
					<height>820</height>
					<itemgap>0</itemgap>
					<pagecontrol>60</pagecontrol>
					<onleft>9000</onleft>
					<onright>60</onright>
					<onup>9011</onup>
					<ondown>9011</ondown>
					<visible>Container(9000).HasFocus(11)</visible>
					<control type="button" id="1100">
						<description>manual</description>
						<width>1200</width>
						<height>820</height>
						<textoffsetx>30</textoffsetx>
						<texturenofocus border="1">itv_manual/11-Clearing your Cache_Page_1.jpg</texturenofocus>
						<texturefocus border="1">itv_manual/11-Clearing your Cache_Page_1.jpg</texturefocus>
					</control>
					<control type="button" id="1101">
						<description>manual</description>
						<width>1200</width>
						<height>820</height>
						<textoffsetx>30</textoffsetx>
						<texturenofocus border="1">itv_manual/11-Clearing your Cache_Page_2.jpg</texturenofocus>
						<texturefocus border="1">itv_manual/11-Clearing your Cache_Page_2.jpg</texturefocus>
					</control>
				</control>
				<control type="grouplist" id="9012">
					<description>control area</description>
					<posx>522</posx>
					<posy>32</posy>
					<width>1300</width>
					<height>820</height>
					<itemgap>0</itemgap>
					<pagecontrol>60</pagecontrol>
					<onleft>9000</onleft>
					<onright>60</onright>
					<onup>9012</onup>
					<ondown>9012</ondown>
					<visible>Container(9000).HasFocus(12)</visible>
					<control type="button" id="1200">
						<description>manual</description>
						<width>1200</width>
						<height>820</height>
						<textoffsetx>30</textoffsetx>
						<texturenofocus border="1">itv_manual/12-Soft Reset_Page_1.jpg</texturenofocus>
						<texturefocus border="1">itv_manual/12-Soft Reset_Page_1.jpg</texturefocus>
					</control>
					<control type="button" id="1201">
						<description>manual</description>
						<width>1200</width>
						<height>820</height>
						<textoffsetx>30</textoffsetx>
						<texturenofocus border="1">itv_manual/12-Soft Reset_Page_2.jpg</texturenofocus>
						<texturefocus border="1">itv_manual/12-Soft Reset_Page_2.jpg</texturefocus>
					</control>
				</control>
				<control type="grouplist" id="9013">
					<description>control area</description>
					<posx>522</posx>
					<posy>32</posy>
					<width>1300</width>
					<height>820</height>
					<itemgap>0</itemgap>
					<pagecontrol>60</pagecontrol>
					<onleft>9000</onleft>
					<onright>60</onright>
					<onup>9013</onup>
					<ondown>9013</ondown>
					<visible>Container(9000).HasFocus(13)</visible>
					<control type="button" id="1300">
						<description>manual</description>
						<width>1200</width>
						<height>820</height>
						<textoffsetx>30</textoffsetx>
						<texturenofocus border="1">itv_manual/13-What is a Factory Reset.jpg</texturenofocus>
						<texturefocus border="1">itv_manual/13-What is a Factory Reset.jpg</texturefocus>
					</control>
				</control>
				<control type="grouplist" id="9014">
					<description>control area</description>
					<posx>522</posx>
					<posy>32</posy>
					<width>1300</width>
					<height>820</height>
					<itemgap>0</itemgap>
					<pagecontrol>60</pagecontrol>
					<onleft>9000</onleft>
					<onright>60</onright>
					<onup>9014</onup>
					<ondown>9014</ondown>
					<visible>Container(9000).HasFocus(14)</visible>
					<control type="button" id="1400">
						<description>manual</description>
						<width>1200</width>
						<height>820</height>
						<textoffsetx>30</textoffsetx>
						<texturenofocus border="1">itv_manual/14-Stream Unavailable_Page_1.jpg</texturenofocus>
						<texturefocus border="1">itv_manual/14-Stream Unavailable_Page_1.jpg</texturefocus>
					</control>
					<control type="button" id="1401">
						<description>manual</description>
						<width>1200</width>
						<height>820</height>
						<textoffsetx>30</textoffsetx>
						<texturenofocus border="1">itv_manual/14-Stream Unavailable_Page_2.jpg</texturenofocus>
						<texturefocus border="1">itv_manual/14-Stream Unavailable_Page_2.jpg</texturefocus>
					</control>
				</control>
				<control type="grouplist" id="9015">
					<description>control area</description>
					<posx>522</posx>
					<posy>32</posy>
					<width>1300</width>
					<height>820</height>
					<itemgap>0</itemgap>
					<pagecontrol>60</pagecontrol>
					<onleft>9000</onleft>
					<onright>60</onright>
					<onup>9015</onup>
					<ondown>9015</ondown>
					<visible>Container(9000).HasFocus(15)</visible>
					<control type="button" id="1500">
						<description>manual</description>
						<width>1200</width>
						<height>820</height>
						<textoffsetx>30</textoffsetx>
						<texturenofocus border="1">itv_manual/15-Bandwidth.jpg</texturenofocus>
						<texturefocus border="1">itv_manual/15-Bandwidth.jpg</texturefocus>
					</control>
				</control>
				<control type="grouplist" id="9016">
					<description>control area</description>
					<posx>522</posx>
					<posy>32</posy>
					<width>1300</width>
					<height>820</height>
					<itemgap>0</itemgap>
					<pagecontrol>60</pagecontrol>
					<onleft>9000</onleft>
					<onright>60</onright>
					<onup>9016</onup>
					<ondown>9016</ondown>
					<visible>Container(9000).HasFocus(16)</visible>
					<control type="button" id="1600">
						<description>manual</description>
						<width>1200</width>
						<height>820</height>
						<textoffsetx>30</textoffsetx>
						<texturenofocus border="1">itv_manual/16-Subtitles Won't Turn Off.jpg</texturenofocus>
						<texturefocus border="1">itv_manual/16-Subtitles Won't Turn Off.jpg</texturefocus>
					</control>
				</control>
				<control type="grouplist" id="9017">
					<description>control area</description>
					<posx>522</posx>
					<posy>32</posy>
					<width>1300</width>
					<height>820</height>
					<itemgap>0</itemgap>
					<pagecontrol>60</pagecontrol>
					<onleft>9000</onleft>
					<onright>60</onright>
					<onup>9017</onup>
					<ondown>9017</ondown>
					<visible>Container(9000).HasFocus(17)</visible>
					<control type="button" id="1700">
						<description>manual</description>
						<width>1200</width>
						<height>820</height>
						<textoffsetx>30</textoffsetx>
						<texturenofocus border="1">itv_manual/17-How to Add My Favourite App.jpg</texturenofocus>
						<texturefocus border="1">itv_manual/17-How to Add My Favourite App.jpg</texturefocus>
					</control>
				</control>
				<control type="grouplist" id="9018">
					<description>control area</description>
					<posx>522</posx>
					<posy>32</posy>
					<width>1300</width>
					<height>820</height>
					<itemgap>0</itemgap>
					<pagecontrol>60</pagecontrol>
					<onleft>9000</onleft>
					<onright>60</onright>
					<onup>9018</onup>
					<ondown>9018</ondown>
					<visible>Container(9000).HasFocus(18)</visible>
					<control type="button" id="1800">
						<description>manual</description>
						<width>1200</width>
						<height>820</height>
						<textoffsetx>30</textoffsetx>
						<texturenofocus border="1">itv_manual/18-What’s in the Box_Page_01.jpg</texturenofocus>
						<texturefocus border="1">itv_manual/18-What’s in the Box_Page_01.jpg</texturefocus>
					</control>
					<control type="button" id="1801">
						<description>manual</description>
						<width>1200</width>
						<height>820</height>
						<textoffsetx>30</textoffsetx>
						<texturenofocus border="1">itv_manual/18-What’s in the Box_Page_02.jpg</texturenofocus>
						<texturefocus border="1">itv_manual/18-What’s in the Box_Page_02.jpg</texturefocus>
					</control>
					<control type="button" id="1803">
						<description>manual</description>
						<width>1200</width>
						<height>820</height>
						<textoffsetx>30</textoffsetx>
						<texturenofocus border="1">itv_manual/18-What’s in the Box_Page_03.jpg</texturenofocus>
						<texturefocus border="1">itv_manual/18-What’s in the Box_Page_03.jpg</texturefocus>
					</control>
					<control type="button" id="1804">
						<description>manual</description>
						<width>1200</width>
						<height>820</height>
						<textoffsetx>30</textoffsetx>
						<texturenofocus border="1">itv_manual/18-What’s in the Box_Page_04.jpg</texturenofocus>
						<texturefocus border="1">itv_manual/18-What’s in the Box_Page_04.jpg</texturefocus>
					</control>
					<control type="button" id="1805">
						<description>manual</description>
						<width>1200</width>
						<height>820</height>
						<textoffsetx>30</textoffsetx>
						<texturenofocus border="1">itv_manual/18-What’s in the Box_Page_05.jpg</texturenofocus>
						<texturefocus border="1">itv_manual/18-What’s in the Box_Page_05.jpg</texturefocus>
					</control>
					<control type="button" id="1806">
						<description>manual</description>
						<width>1200</width>
						<height>820</height>
						<textoffsetx>30</textoffsetx>
						<texturenofocus border="1">itv_manual/18-What’s in the Box_Page_06.jpg</texturenofocus>
						<texturefocus border="1">itv_manual/18-What’s in the Box_Page_06.jpg</texturefocus>
					</control>
					<control type="button" id="1807">
						<description>manual</description>
						<width>1200</width>
						<height>820</height>
						<textoffsetx>30</textoffsetx>
						<texturenofocus border="1">itv_manual/18-What’s in the Box_Page_07.jpg</texturenofocus>
						<texturefocus border="1">itv_manual/18-What’s in the Box_Page_07.jpg</texturefocus>
					</control>
					<control type="button" id="1808">
						<description>manual</description>
						<width>1200</width>
						<height>820</height>
						<textoffsetx>30</textoffsetx>
						<texturenofocus border="1">itv_manual/18-What’s in the Box_Page_08.jpg</texturenofocus>
						<texturefocus border="1">itv_manual/18-What’s in the Box_Page_08.jpg</texturefocus>
					</control>
					<control type="button" id="1809">
						<description>manual</description>
						<width>1200</width>
						<height>820</height>
						<textoffsetx>30</textoffsetx>
						<texturenofocus border="1">itv_manual/18-What’s in the Box_Page_09.jpg</texturenofocus>
						<texturefocus border="1">itv_manual/18-What’s in the Box_Page_09.jpg</texturefocus>
					</control>
					<control type="button" id="1810">
						<description>manual</description>
						<width>1200</width>
						<height>820</height>
						<textoffsetx>30</textoffsetx>
						<texturenofocus border="1">itv_manual/18-What’s in the Box_Page_10.jpg</texturenofocus>
						<texturefocus border="1">itv_manual/18-What’s in the Box_Page_10.jpg</texturefocus>
					</control>
					<control type="button" id="1811">
						<description>manual</description>
						<width>1200</width>
						<height>820</height>
						<textoffsetx>30</textoffsetx>
						<texturenofocus border="1">itv_manual/18-What’s in the Box_Page_11.jpg</texturenofocus>
						<texturefocus border="1">itv_manual/18-What’s in the Box_Page_11.jpg</texturefocus>
					</control>
				</control>
				<control type="grouplist" id="9019">
					<description>control area</description>
					<posx>522</posx>
					<posy>32</posy>
					<width>1300</width>
					<height>820</height>
					<itemgap>0</itemgap>
					<pagecontrol>60</pagecontrol>
					<onleft>9000</onleft>
					<onright>60</onright>
					<onup>9019</onup>
					<ondown>9019</ondown>
					<visible>Container(9000).HasFocus(19)</visible>
					<control type="button" id="1900">
						<description>manual</description>
						<width>1200</width>
						<height>820</height>
						<textoffsetx>30</textoffsetx>
						<texturenofocus border="1">itv_manual/19-Safety Warning_Page_1.jpg</texturenofocus>
						<texturefocus border="1">itv_manual/19-Safety Warning_Page_1.jpg</texturefocus>
					</control>
					<control type="button" id="1901">
						<description>manual</description>
						<width>1200</width>
						<height>820</height>
						<textoffsetx>30</textoffsetx>
						<texturenofocus border="1">itv_manual/19-Safety Warning_Page_2.jpg</texturenofocus>
						<texturefocus border="1">itv_manual/19-Safety Warning_Page_2.jpg</texturefocus>
					</control>
					<control type="button" id="1902">
						<description>manual</description>
						<width>1200</width>
						<height>820</height>
						<textoffsetx>30</textoffsetx>
						<texturenofocus border="1">itv_manual/19-Safety Warning_Page_3.jpg</texturenofocus>
						<texturefocus border="1">itv_manual/19-Safety Warning_Page_3.jpg</texturefocus>
					</control>
				</control>
				<control type="grouplist" id="9020">
					<description>control area</description>
					<posx>522</posx>
					<posy>32</posy>
					<width>1300</width>
					<height>820</height>
					<itemgap>0</itemgap>
					<pagecontrol>60</pagecontrol>
					<onleft>9000</onleft>
					<onright>60</onright>
					<onup>9020</onup>
					<ondown>9020</ondown>
					<visible>Container(9000).HasFocus(20)</visible>
					<control type="button" id="2000">
						<description>manual</description>
						<width>1200</width>
						<height>820</height>
						<textoffsetx>30</textoffsetx>
						<texturenofocus border="1">itv_manual/20-DISCLAIMER.jpg</texturenofocus>
						<texturefocus border="1">itv_manual/20-DISCLAIMER.jpg</texturefocus>
					</control>
				</control>
			</control>
		</control>
	</controls>
</window>